"OpportunityId","StageName","Amount","CreatedDate","ForecastCategory","CloseDate","PrevForCat","PrevStage","PrevAmount","PrevCloseDate","EndingBucket","snapshot_date_label"
"0066000001kFKHvAAO","Closed Won",37750,2016-07-01 11:55:37,"Closed",2016-06-30,"Pipeline","Stage 2 - Defined Oppty","37750",2016-06-24,"G_ClosedWon-NotInForecast","this_month"
"0066000001kFKkDAAW","Closed Won",16957,2016-07-01 11:21:42,"Closed",2016-06-30,"Pipeline","Stage 0 - Qualified Lead","16957",2016-06-29,"G_ClosedWon-NotInForecast","this_month"
"0066000001kZkzWAAS","Closed Won",17250,2016-06-30 20:58:51,"Closed",2016-06-30,"Pipeline","Deal Identified","17250",2016-07-01,"G_ClosedWon-NotInForecast","this_month"
"0066000001obhgYAAQ","Closed Won",13688,2016-07-01 14:47:17,"Closed",2016-06-30,"Pipeline","Deal Identified","6300",2016-07-01,"G_ClosedWon-NotInForecast","this_month"
"0066000000OUfSpAAL","Closed Won",104275.8,2016-06-30 21:10:42,"Closed",2016-06-30,"BestCase","Stage 3 - Proof","104275.8",2016-06-30,"G_ClosedWon-InForecast","this_month"
"0066000000S3ShzAAF","Closed Won",65000,2016-07-01 11:40:02,"Closed",2016-06-30,"Forecast","Stage 5 - Purchasing","81000",2016-06-28,"G_ClosedWon-InForecast","this_month"
"0066000000S6WuiAAF","Closed Won",38229,2016-07-06 14:36:09,"Closed",2016-07-06,"Forecast","Stage 4 - Commercial Agmt","38229",2016-06-30,"G_ClosedWon-InForecast","this_month"
"0066000000SxcQdAAJ","Closed Won",45000,2016-06-30 20:22:05,"Closed",2016-06-30,"Forecast","Stage 7 - Order Rcvd","45000",2016-06-30,"G_ClosedWon-InForecast","this_month"
"0066000001jeDLMAA2","Closed Won",45000,2016-06-30 21:29:03,"Closed",2016-06-30,"Forecast","Stage 4 - Commercial Agmt","45000",2016-06-30,"G_ClosedWon-InForecast","this_month"
"0066000001numUKAAY","Closed Won",55500,2016-07-01 13:40:06,"Closed",2016-06-30,"Forecast","Stage 4 - Commercial Agmt","57000",2016-06-30,"G_ClosedWon-InForecast","this_month"
"0066000001nvYO4AAM","Closed Won",25000,2016-07-01 13:24:15,"Closed",2016-06-30,"Forecast","Stage 4 - Commercial Agmt","25000",2016-06-30,"G_ClosedWon-InForecast","this_month"
"0066000001oaqJ7AAI","Closed Won",4999.99,2016-06-30 21:35:05,"Closed",2016-06-30,"Forecast","Stage 4 - Commercial Agmt","10000",2016-06-30,"G_ClosedWon-InForecast","this_month"
"0066000001obFQoAAM","Closed Won",-35000,2016-07-01 12:41:19,"Closed",2016-06-30,"Forecast","Stage 7 - Order Rcvd","-35000",2016-06-30,"G_ClosedWon-InForecast","this_month"
"0066000001ocXjaAAE","Closed Won",15000,2016-06-30 22:01:25,"Closed",2016-06-30,"Forecast","Stage 7 - Order Rcvd","15000",2016-06-30,"G_ClosedWon-InForecast","this_month"
"0066000001nEWDUAA4","Stage 3 - Proof",75000,2016-07-01 17:22:47,"BestCase",2016-09-16,"Pipeline","Stage 2 - Defined Oppty","75000",2016-08-31,"H_EnteredForecast","this_month"
"0066000001nHrtkAAC","Stage 3 - Proof",10000,2016-07-01 06:58:49,"BestCase",2016-09-30,"Pipeline","Stage 1 - Qualified Oppty","10000",2016-12-15,"H_EnteredForecast","this_month"
"0066000001nvlaTAAQ","Stage 3 - Proof",100000,2016-07-06 11:14:38,"BestCase",2016-09-22,"Pipeline","Stage 2 - Defined Oppty","100000",2016-09-22,"H_EnteredForecast","this_month"
"0066000001kH1tHAAS","Closed Lost",-20500,2016-07-01 02:10:47,"Omitted",2016-06-30,"BestCase","Stage 3 - Proof","20500",2016-06-28,"C_Lost","this_month"
"0066000001mTcIgAAK","Stage 4 - Commercial Agmt",10000,2016-07-05 12:54:10,"Forecast",2016-07-18,"Forecast","Stage 4 - Commercial Agmt","150000",2016-07-18,"B_Expanded_Amount","this_month"
"0066000001nFzljAAC","Stage 4 - Commercial Agmt",25000,2016-07-05 12:55:15,"Forecast",2016-08-31,"Forecast","Stage 4 - Commercial Agmt","45000",2016-08-31,"B_Expanded_Amount","this_month"
"0066000001nGiDJAA0","Stage 5 - Purchasing",50000,2016-07-01 07:22:57,"Forecast",2016-07-15,"Forecast","Stage 5 - Purchasing","35000",2016-07-15,"B_Expanded_Amount","this_month"
"0066000001nxeS0AAI","Stage 3 - Proof",20000,2016-07-01 07:54:45,"BestCase",2016-09-26,"BestCase","Stage 3 - Proof","30000",2016-09-26,"B_Expanded_Amount","this_month"
"0066000001lnYJ5AAM","Stage 3 - Proof",-89000,2016-07-01 06:58:24,"BestCase",2016-09-30,"BestCase","Stage 3 - Proof","122000",2016-09-30,"B_Reduced_Amount","this_month"
"0066000001oZojxAAC","Stage 7 - Order Rcvd",-5000,2016-07-01 13:06:25,"Forecast",2018-06-05,"Forecast","Stage 7 - Order Rcvd","20000",2018-06-05,"B_Reduced_Amount","this_month"
"","10% of opportunities constitutes 42% of open pipeline amount",24145370.1666667,2016-07-08 20:00:00,"StartPipe",2016-07-09,"","","",2016-07-09,"","this_month"
"","10% of opportunities constitutes 29% of open pipeline amount",23935365.3666667,2016-07-08 20:00:00,"EndPipe",2016-07-09,"","","",2016-07-09,"","this_month"
"0066000001kFKHvAAO","Closed Won",37750,2016-07-01 11:55:37,"Closed",2016-06-30,"Pipeline","Stage 2 - Defined Oppty","37750",2016-06-24,"G_ClosedWon-NotInForecast","this_quarter"
"0066000001kFKkDAAW","Closed Won",16957,2016-07-01 11:21:42,"Closed",2016-06-30,"Pipeline","Stage 0 - Qualified Lead","16957",2016-06-29,"G_ClosedWon-NotInForecast","this_quarter"
"0066000001kZkzWAAS","Closed Won",17250,2016-06-30 20:58:51,"Closed",2016-06-30,"Pipeline","Deal Identified","17250",2016-07-01,"G_ClosedWon-NotInForecast","this_quarter"
"0066000001obhgYAAQ","Closed Won",13688,2016-07-01 14:47:17,"Closed",2016-06-30,"Pipeline","Deal Identified","6300",2016-07-01,"G_ClosedWon-NotInForecast","this_quarter"
"0066000000OUfSpAAL","Closed Won",104275.8,2016-06-30 21:10:42,"Closed",2016-06-30,"BestCase","Stage 3 - Proof","104275.8",2016-06-30,"G_ClosedWon-InForecast","this_quarter"
"0066000000S3ShzAAF","Closed Won",65000,2016-07-01 11:40:02,"Closed",2016-06-30,"Forecast","Stage 5 - Purchasing","81000",2016-06-28,"G_ClosedWon-InForecast","this_quarter"
"0066000000S6WuiAAF","Closed Won",38229,2016-07-06 14:36:09,"Closed",2016-07-06,"Forecast","Stage 4 - Commercial Agmt","38229",2016-06-30,"G_ClosedWon-InForecast","this_quarter"
"0066000000SxcQdAAJ","Closed Won",45000,2016-06-30 20:22:05,"Closed",2016-06-30,"Forecast","Stage 7 - Order Rcvd","45000",2016-06-30,"G_ClosedWon-InForecast","this_quarter"
"0066000001jeDLMAA2","Closed Won",45000,2016-06-30 21:29:03,"Closed",2016-06-30,"Forecast","Stage 4 - Commercial Agmt","45000",2016-06-30,"G_ClosedWon-InForecast","this_quarter"
"0066000001numUKAAY","Closed Won",55500,2016-07-01 13:40:06,"Closed",2016-06-30,"Forecast","Stage 4 - Commercial Agmt","57000",2016-06-30,"G_ClosedWon-InForecast","this_quarter"
"0066000001nvYO4AAM","Closed Won",25000,2016-07-01 13:24:15,"Closed",2016-06-30,"Forecast","Stage 4 - Commercial Agmt","25000",2016-06-30,"G_ClosedWon-InForecast","this_quarter"
"0066000001oaqJ7AAI","Closed Won",4999.99,2016-06-30 21:35:05,"Closed",2016-06-30,"Forecast","Stage 4 - Commercial Agmt","10000",2016-06-30,"G_ClosedWon-InForecast","this_quarter"
"0066000001obFQoAAM","Closed Won",-35000,2016-07-01 12:41:19,"Closed",2016-06-30,"Forecast","Stage 7 - Order Rcvd","-35000",2016-06-30,"G_ClosedWon-InForecast","this_quarter"
"0066000001ocXjaAAE","Closed Won",15000,2016-06-30 22:01:25,"Closed",2016-06-30,"Forecast","Stage 7 - Order Rcvd","15000",2016-06-30,"G_ClosedWon-InForecast","this_quarter"
"0066000001nEWDUAA4","Stage 3 - Proof",75000,2016-07-01 17:22:47,"BestCase",2016-09-16,"Pipeline","Stage 2 - Defined Oppty","75000",2016-08-31,"H_EnteredForecast","this_quarter"
"0066000001nHrtkAAC","Stage 3 - Proof",10000,2016-07-01 06:58:49,"BestCase",2016-09-30,"Pipeline","Stage 1 - Qualified Oppty","10000",2016-12-15,"H_EnteredForecast","this_quarter"
"0066000001nvlaTAAQ","Stage 3 - Proof",100000,2016-07-06 11:14:38,"BestCase",2016-09-22,"Pipeline","Stage 2 - Defined Oppty","100000",2016-09-22,"H_EnteredForecast","this_quarter"
"0066000001kH1tHAAS","Closed Lost",-20500,2016-07-01 02:10:47,"Omitted",2016-06-30,"BestCase","Stage 3 - Proof","20500",2016-06-28,"C_Lost","this_quarter"
"0066000001mTcIgAAK","Stage 4 - Commercial Agmt",10000,2016-07-05 12:54:10,"Forecast",2016-07-18,"Forecast","Stage 4 - Commercial Agmt","150000",2016-07-18,"B_Expanded_Amount","this_quarter"
"0066000001nFzljAAC","Stage 4 - Commercial Agmt",25000,2016-07-05 12:55:15,"Forecast",2016-08-31,"Forecast","Stage 4 - Commercial Agmt","45000",2016-08-31,"B_Expanded_Amount","this_quarter"
"0066000001nGiDJAA0","Stage 5 - Purchasing",50000,2016-07-01 07:22:57,"Forecast",2016-07-15,"Forecast","Stage 5 - Purchasing","35000",2016-07-15,"B_Expanded_Amount","this_quarter"
"0066000001nxeS0AAI","Stage 3 - Proof",20000,2016-07-01 07:54:45,"BestCase",2016-09-26,"BestCase","Stage 3 - Proof","30000",2016-09-26,"B_Expanded_Amount","this_quarter"
"0066000001lnYJ5AAM","Stage 3 - Proof",-89000,2016-07-01 06:58:24,"BestCase",2016-09-30,"BestCase","Stage 3 - Proof","122000",2016-09-30,"B_Reduced_Amount","this_quarter"
"0066000001oZojxAAC","Stage 7 - Order Rcvd",-5000,2016-07-01 13:06:25,"Forecast",2018-06-05,"Forecast","Stage 7 - Order Rcvd","20000",2018-06-05,"B_Reduced_Amount","this_quarter"
"","10% of opportunities constitutes 42% of open pipeline amount",24145370.1666667,2016-07-08 20:00:00,"StartPipe",2016-07-09,"","","",2016-07-09,"","this_quarter"
"","10% of opportunities constitutes 29% of open pipeline amount",23935365.3666667,2016-07-08 20:00:00,"EndPipe",2016-07-09,"","","",2016-07-09,"","this_quarter"
"0066000000cpipGAAQ","Closed Won",19000,2016-02-12 20:36:29,"Closed",2016-02-01,"Pipeline","Stage 1 - Qualified Oppty","19000",2016-02-01,"G_ClosedWon-NotInForecast","six_months"
"0066000000cruViAAI","Closed Won",95200,2016-01-25 14:21:00,"Closed",2016-01-25,"Pipeline","Stage 1 - Qualified Oppty","95200",2016-01-05,"G_ClosedWon-NotInForecast","six_months"
"0066000000guhU3AAI","Closed Won",30000,2016-06-28 18:12:06,"Closed",2016-06-28,"Pipeline","Stage 1 - Qualified Oppty","30000",2016-06-30,"G_ClosedWon-NotInForecast","six_months"
"0066000000lTOE6AAO","Closed Won",30000,2016-04-13 05:12:57,"Closed",2016-04-08,"Pipeline","Prospecting","27500",2016-04-14,"G_ClosedWon-NotInForecast","six_months"
"0066000000OUfSpAAL","Closed Won",104275.8,2016-06-30 21:10:42,"Closed",2016-06-30,"Pipeline","Stage 1 - Qualified Oppty","73820",2016-06-30,"G_ClosedWon-NotInForecast","six_months"
"0066000000PegzvAAB","Closed Won",55000,2016-03-30 16:43:15,"Closed",2016-03-30,"Pipeline","Stage 1 - Qualified Oppty","50000",2016-03-30,"G_ClosedWon-NotInForecast","six_months"
"0066000000Pend1AAB","Closed Won",121667,2016-04-05 22:12:19,"Closed",2016-04-05,"Pipeline","Stage 2 - Defined Oppty","121667",2016-03-30,"G_ClosedWon-NotInForecast","six_months"
"0066000000PenESAAZ","Closed Won",23500,2016-03-30 18:02:58,"Closed",2016-03-30,"Pipeline","Stage 2 - Defined Oppty","25000",2016-03-30,"G_ClosedWon-NotInForecast","six_months"
"0066000000QJggPAAT","Closed Won",771750,2016-06-29 19:10:29,"Closed",2016-06-29,"Pipeline","Stage 1 - Qualified Oppty","457324",2016-06-30,"G_ClosedWon-NotInForecast","six_months"
"0066000000QKd2pAAD","Closed Won",366667,2016-06-17 16:17:51,"Closed",2016-06-17,"Pipeline","Stage 1 - Qualified Oppty","350000",2016-05-02,"G_ClosedWon-NotInForecast","six_months"
"0066000000QLbSvAAL","Closed Won",27678.83,2016-03-28 18:51:34,"Closed",2016-03-28,"Pipeline","Stage 1 - Qualified Oppty","29307",2016-05-15,"G_ClosedWon-NotInForecast","six_months"
"0066000000QyqOwAAJ","Closed Won",90000,2016-04-25 19:09:02,"Closed",2016-04-25,"Pipeline","Stage 1 - Qualified Oppty","100000",2016-05-30,"G_ClosedWon-NotInForecast","six_months"
"0066000000S32VhAAJ","Closed Won",103750,2016-06-27 20:29:42,"Closed",2016-06-27,"Pipeline","Stage 1 - Qualified Oppty","100000",2016-06-30,"G_ClosedWon-NotInForecast","six_months"
"0066000000S3GwWAAV","Closed Won",111562,2016-06-28 18:17:23,"Closed",2016-06-28,"Pipeline","Stage 1 - Qualified Oppty","106250",2016-07-01,"G_ClosedWon-NotInForecast","six_months"
"0066000000S3ShzAAF","Closed Won",65000,2016-07-01 11:40:02,"Closed",2016-06-30,"Pipeline","Stage 1 - Qualified Oppty","60000",2016-06-28,"G_ClosedWon-NotInForecast","six_months"
"0066000000S6WuiAAF","Closed Won",38229,2016-07-06 14:36:09,"Closed",2016-07-06,"Pipeline","Stage 1 - Qualified Oppty","36375",2016-06-30,"G_ClosedWon-NotInForecast","six_months"
"0066000000S6WyTAAV","Closed Won",126782,2016-06-29 17:44:47,"Closed",2016-06-29,"Pipeline","Stage 1 - Qualified Oppty","126782",2016-06-28,"G_ClosedWon-NotInForecast","six_months"
"0066000000SxcQdAAJ","Closed Won",45000,2016-06-30 20:22:05,"Closed",2016-06-30,"Pipeline","Stage 1 - Qualified Oppty","41703",2016-08-25,"G_ClosedWon-NotInForecast","six_months"
"0066000000YVMAoAAP","Closed Won",135000,2016-04-28 17:46:40,"Closed",2016-04-28,"Pipeline","Stage 1 - Qualified Oppty","85144.33",2016-06-05,"G_ClosedWon-NotInForecast","six_months"
"0066000001eyyycAAA","Closed Won",36000,2016-03-29 20:48:06,"Closed",2016-03-29,"Pipeline","Stage 1 - Qualified Oppty","36000",2016-03-16,"G_ClosedWon-NotInForecast","six_months"
"0066000001f1JEBAA2","Closed Won",10000,2016-03-31 15:03:28,"Closed",2016-03-31,"Pipeline","Stage 0 - Qualified Lead","35000",2016-06-30,"G_ClosedWon-NotInForecast","six_months"
"0066000001ibt0zAAA","Closed Won",121500,2016-04-08 16:10:50,"Closed",2016-04-08,"Pipeline","Stage 1 - Qualified Oppty","144500",2016-03-30,"G_ClosedWon-NotInForecast","six_months"
"0066000001ibtNkAAI","Closed Won",135000,2016-03-28 14:49:44,"Closed",2016-03-28,"Pipeline","Stage 0 - Qualified Lead","150000",2016-04-10,"G_ClosedWon-NotInForecast","six_months"
"0066000001ibUPWAA2","Closed Won",83000,2016-03-28 15:31:29,"Closed",2016-03-28,"Pipeline","Stage 0 - Qualified Lead","82000",2016-03-30,"G_ClosedWon-NotInForecast","six_months"
"0066000001iYihgAAC","Closed Won",5000,2016-03-14 15:43:44,"Closed",2016-03-14,"Pipeline","Stage 0 - Qualified Lead","5000",2016-02-16,"G_ClosedWon-NotInForecast","six_months"
"0066000001iYvLbAAK","Closed Won",12500,2016-03-15 20:55:49,"Closed",2016-03-15,"Pipeline","Stage 1 - Qualified Oppty","10000",2016-03-03,"G_ClosedWon-NotInForecast","six_months"
"0066000001iYvQqAAK","Closed Won",0,2016-02-01 15:20:26,"Closed",2016-01-31,"Pipeline","Stage 1 - Qualified Oppty","0",2016-02-13,"G_ClosedWon-NotInForecast","six_months"
"0066000001iZj73AAC","Closed Won",25000,2016-03-15 17:46:55,"Closed",2016-03-10,"Pipeline","Stage 2 - Defined Oppty","20000",2016-03-02,"G_ClosedWon-NotInForecast","six_months"
"0066000001jAem5AAC","Closed Won",200000,2016-04-13 05:11:58,"Closed",2016-04-08,"Pipeline","Stage 1 - Qualified Oppty","211200",2016-04-01,"G_ClosedWon-NotInForecast","six_months"
"0066000001jAgjyAAC","Closed Won",83333,2016-06-30 16:25:53,"Closed",2016-06-30,"Pipeline","Stage 0 - Qualified Lead","83333",2016-05-31,"G_ClosedWon-NotInForecast","six_months"
"0066000001jAhDUAA0","Closed Won",8550,2016-03-31 15:31:05,"Closed",2016-03-31,"Pipeline","Stage 2 - Defined Oppty","8550",2016-03-31,"G_ClosedWon-NotInForecast","six_months"
"0066000001jAinIAAS","Closed Won",55750,2016-03-30 18:37:05,"Closed",2016-03-30,"Pipeline","Stage 0 - Qualified Lead","55750",2016-03-27,"G_ClosedWon-NotInForecast","six_months"
"0066000001jAoktAAC","Closed Won",25000,2016-05-09 19:37:41,"Closed",2016-05-09,"Pipeline","Stage 0 - Qualified Lead","21000",2016-04-06,"G_ClosedWon-NotInForecast","six_months"
"0066000001jAooWAAS","Closed Won",20000,2016-02-29 19:11:47,"Closed",2016-02-29,"Pipeline","Stage 0 - Qualified Lead","15000",2016-04-01,"G_ClosedWon-NotInForecast","six_months"
"0066000001jASh7AAG","Closed Won",35900,2016-03-23 20:14:58,"Closed",2016-03-23,"Pipeline","Stage 2 - Defined Oppty","35900",2016-04-05,"G_ClosedWon-NotInForecast","six_months"
"0066000001jAXvsAAG","Closed Won",52800,2016-03-31 16:11:20,"Closed",2016-03-31,"Pipeline","Stage 0 - Qualified Lead","33000",2016-03-14,"G_ClosedWon-NotInForecast","six_months"
"0066000001jDpSLAA0","Closed Won",48000,2016-04-15 20:03:34,"Closed",2016-04-15,"Pipeline","Stage 0 - Qualified Lead","45000",2016-04-17,"G_ClosedWon-NotInForecast","six_months"
"0066000001jdQJPAA2","Closed Won",40000,2016-03-25 13:34:41,"Closed",2016-03-25,"Pipeline","Quote Prepared","55500",2016-02-12,"G_ClosedWon-NotInForecast","six_months"
"0066000001jdrHEAAY","Closed Won",51000,2016-05-09 14:15:33,"Closed",2016-05-09,"Pipeline","Stage 0 - Qualified Lead","51000",2016-04-19,"G_ClosedWon-NotInForecast","six_months"
"0066000001jeDLMAA2","Closed Won",45000,2016-06-30 21:29:03,"Closed",2016-06-30,"Pipeline","Stage 1 - Qualified Oppty","45000",2016-05-16,"G_ClosedWon-NotInForecast","six_months"
"0066000001jf02oAAA","Closed Won",10000,2016-06-03 13:10:44,"Closed",2016-05-17,"Pipeline","Stage 0 - Qualified Lead","10000",2016-05-17,"G_ClosedWon-NotInForecast","six_months"
"0066000001jf8X5AAI","Closed Won",325000,2016-06-01 16:28:45,"Closed",2016-05-31,"Pipeline","Stage 0 - Qualified Lead","325000",2016-04-07,"G_ClosedWon-NotInForecast","six_months"
"0066000001jfMXAAA2","Closed Won",86250,2016-05-23 19:26:21,"Closed",2016-05-23,"Pipeline","Stage 0 - Qualified Lead","86250",2016-04-30,"G_ClosedWon-NotInForecast","six_months"
"0066000001jfMYiAAM","Closed Won",13043,2016-06-03 13:11:22,"Closed",2016-05-31,"Pipeline","Stage 0 - Qualified Lead","13043",2016-06-10,"G_ClosedWon-NotInForecast","six_months"
"0066000001jfrpFAAQ","Closed Won",25000,2016-06-24 20:25:06,"Closed",2016-06-24,"Pipeline","Stage 1 - Qualified Oppty","15000",2016-06-20,"G_ClosedWon-NotInForecast","six_months"
"0066000001jfrs9AAA","Closed Won",18000,2016-05-23 19:07:49,"Closed",2016-05-23,"Pipeline","Stage 1 - Qualified Oppty","9000",2016-05-31,"G_ClosedWon-NotInForecast","six_months"
"0066000001jfyyiAAA","Closed Won",20000,2016-06-08 19:52:24,"Closed",2016-06-08,"Pipeline","Stage 0 - Qualified Lead","20869",2016-06-09,"G_ClosedWon-NotInForecast","six_months"
"0066000001jgfHyAAI","Closed Won",15217,2016-06-10 15:30:13,"Closed",2016-06-10,"Pipeline","Stage 0 - Qualified Lead","15217",2016-06-13,"G_ClosedWon-NotInForecast","six_months"
"0066000001jgNdIAAU","Closed Won",70000,2016-03-22 18:00:12,"Closed",2016-03-22,"Pipeline","Quote Prepared","14999",2016-01-29,"G_ClosedWon-NotInForecast","six_months"
"0066000001jgxQQAAY","Closed Won",116667,2016-06-28 18:36:45,"Closed",2016-06-28,"Pipeline","Stage 0 - Qualified Lead","116667",2016-06-10,"G_ClosedWon-NotInForecast","six_months"
"0066000001jhBcmAAE","Closed Won",245656.06,2016-06-30 18:50:30,"Closed",2016-06-30,"Pipeline","Stage 1 - Qualified Oppty","150638",2016-06-30,"G_ClosedWon-NotInForecast","six_months"
"0066000001jhO2YAAU","Closed Won",3750,2016-06-27 14:09:56,"Closed",2016-06-27,"Pipeline","Stage 0 - Qualified Lead","5000",2016-06-30,"G_ClosedWon-NotInForecast","six_months"
"0066000001jhOBzAAM","Closed Won",60870,2016-06-29 16:50:28,"Closed",2016-06-29,"Pipeline","Stage 0 - Qualified Lead","60870",2016-06-30,"G_ClosedWon-NotInForecast","six_months"
"0066000001jhOFNAA2","Closed Won",57333.33,2016-06-21 16:04:47,"Closed",2016-06-21,"Pipeline","Stage 0 - Qualified Lead","57333.33",2016-06-29,"G_ClosedWon-NotInForecast","six_months"
"0066000001jhP2sAAE","Closed Won",40000,2016-06-20 14:07:03,"Closed",2016-06-20,"Pipeline","Stage 0 - Qualified Lead","40000",2016-06-30,"G_ClosedWon-NotInForecast","six_months"
"0066000001jhWLwAAM","Closed Won",17250,2016-06-08 19:35:51,"Closed",2016-06-08,"Pipeline","Stage 1 - Qualified Oppty","17520",2016-06-30,"G_ClosedWon-NotInForecast","six_months"
"0066000001kFAHMAA4","Closed Won",250000,2016-06-21 15:22:10,"Closed",2016-06-21,"Pipeline","Stage 1 - Qualified Oppty","250000",2016-05-28,"G_ClosedWon-NotInForecast","six_months"
"0066000001kFKHvAAO","Closed Won",37750,2016-07-01 11:55:37,"Closed",2016-06-30,"Pipeline","Stage 0 - Qualified Lead","35000",2016-06-15,"G_ClosedWon-NotInForecast","six_months"
"0066000001kFKkDAAW","Closed Won",16957,2016-07-01 11:21:42,"Closed",2016-06-30,"Pipeline","Stage 0 - Qualified Lead","16957",2016-07-05,"G_ClosedWon-NotInForecast","six_months"
"0066000001kFKQJAA4","Closed Won",153000,2016-06-20 14:29:26,"Closed",2016-06-20,"Pipeline","Stage 0 - Qualified Lead","150000",2016-06-30,"G_ClosedWon-NotInForecast","six_months"
"0066000001kFNcfAAG","Closed Won",55000,2016-06-30 18:30:10,"Closed",2016-06-30,"Pipeline","Stage 0 - Qualified Lead","72000",2016-06-25,"G_ClosedWon-NotInForecast","six_months"
"0066000001kFNZHAA4","Closed Won",67500,2016-06-30 16:13:49,"Closed",2016-06-30,"Pipeline","Stage 0 - Qualified Lead","67500",2016-06-30,"G_ClosedWon-NotInForecast","six_months"
"0066000001kFt1xAAC","Closed Won",22500,2016-06-23 19:22:14,"Closed",2016-06-23,"Pipeline","Deal Identified","14999",2016-04-29,"G_ClosedWon-NotInForecast","six_months"
"0066000001kGeOjAAK","Closed Won",10000,2016-04-13 19:58:24,"Closed",2016-04-13,"Pipeline","Stage 0 - Qualified Lead","5000",2016-06-30,"G_ClosedWon-NotInForecast","six_months"
"0066000001kGI7ZAAW","Closed Won",119000,2016-06-28 17:54:18,"Closed",2016-06-22,"Pipeline","Stage 1 - Qualified Oppty","105000",2016-06-15,"G_ClosedWon-NotInForecast","six_months"
"0066000001kGpG5AAK","Closed Won",25000,2016-05-09 19:02:19,"Closed",2016-05-09,"Pipeline","Stage 0 - Qualified Lead","25000",2016-07-12,"G_ClosedWon-NotInForecast","six_months"
"0066000001kGpM3AAK","Closed Won",50000,2016-06-16 16:49:14,"Closed",2016-06-16,"Pipeline","Stage 0 - Qualified Lead","50000",2016-06-30,"G_ClosedWon-NotInForecast","six_months"
"0066000001kH9qCAAS","Closed Won",32640,2016-04-22 14:02:43,"Closed",2016-04-22,"Pipeline","Stage 0 - Qualified Lead","21600",2016-07-31,"G_ClosedWon-NotInForecast","six_months"
"0066000001kJ958AAC","Closed Won",35000,2016-03-29 21:04:32,"Closed",2016-03-29,"Pipeline","Stage 2 - Defined Oppty","35000",2016-03-31,"G_ClosedWon-NotInForecast","six_months"
"0066000001kJ9tOAAS","Closed Won",100000,2016-06-29 18:08:32,"Closed",2016-06-29,"Pipeline","Stage 0 - Qualified Lead","100000",2016-07-30,"G_ClosedWon-NotInForecast","six_months"
"0066000001kZaycAAC","Closed Won",39600,2016-04-27 13:02:06,"Closed",2016-04-27,"Pipeline","Stage 2 - Defined Oppty","35000",2016-02-20,"G_ClosedWon-NotInForecast","six_months"
"0066000001kZkzWAAS","Closed Won",17250,2016-06-30 20:58:51,"Closed",2016-06-30,"Pipeline","Deal Identified","19999",2016-01-29,"G_ClosedWon-NotInForecast","six_months"
"0066000001lA6mSAAS","Closed Won",29973,2016-03-18 11:40:37,"Closed",2016-03-18,"Pipeline","Stage 1 - Qualified Oppty","30000",2016-03-20,"G_ClosedWon-NotInForecast","six_months"
"0066000001lABJ2AAO","Closed Won",4000,2016-06-23 19:21:10,"Closed",2016-06-23,"Pipeline","Deal Identified","5000",2016-02-12,"G_ClosedWon-NotInForecast","six_months"
"0066000001ljoXoAAI","Closed Won",40000,2016-06-21 15:43:24,"Closed",2016-06-21,"Pipeline","Stage 1 - Qualified Oppty","24167",2016-06-07,"G_ClosedWon-NotInForecast","six_months"
"0066000001lk4KIAAY","Closed Won",34500,2016-02-25 14:15:45,"Closed",2016-02-25,"Pipeline","Quote Prepared","14999",2015-12-31,"G_ClosedWon-NotInForecast","six_months"
"0066000001lkDGWAA2","Closed Won",13500,2016-02-25 16:31:07,"Closed",2016-02-25,"Pipeline","Deal Identified","19998",2015-12-31,"G_ClosedWon-NotInForecast","six_months"
"0066000001lkEpzAAE","Closed Won",27000,2016-01-20 18:14:26,"Closed",2016-01-20,"Pipeline","Quote Prepared","28000",2016-01-29,"G_ClosedWon-NotInForecast","six_months"
"0066000001lkjw9AAA","Closed Won",21000,2016-02-01 15:14:55,"Closed",2016-01-31,"Pipeline","Quote Prepared","21000",2016-01-15,"G_ClosedWon-NotInForecast","six_months"
"0066000001lkU92AAE","Closed Won",15300,2016-01-27 14:31:07,"Closed",2016-01-27,"Pipeline","SOW Accepted/PO Pending","15300",2016-01-22,"G_ClosedWon-NotInForecast","six_months"
"0066000001ll69DAAQ","Closed Won",4500,2016-02-11 16:26:46,"Closed",2016-02-11,"Pipeline","Quote Prepared","7000",2016-01-08,"G_ClosedWon-NotInForecast","six_months"
"0066000001llDd1AAE","Closed Won",27000,2016-02-04 21:05:06,"Closed",2016-02-04,"Pipeline","Deal Identified","39997",2016-01-31,"G_ClosedWon-NotInForecast","six_months"
"0066000001llPLFAA2","Closed Won",91000,2016-03-01 14:15:00,"Closed",2016-02-29,"Pipeline","Quote Prepared","48500",2016-02-05,"G_ClosedWon-NotInForecast","six_months"
"0066000001llWE3AAM","Closed Won",63500,2016-01-20 19:15:32,"Closed",2016-01-20,"Pipeline","Quote Prepared","21000",2016-01-29,"G_ClosedWon-NotInForecast","six_months"
"0066000001lm4lkAAA","Closed Won",5000,2016-02-10 18:45:03,"Closed",2016-02-10,"Pipeline","Stage 2 - Defined Oppty","5000",2016-02-15,"G_ClosedWon-NotInForecast","six_months"
"0066000001lmJhqAAE","Closed Won",56750,2016-02-11 16:16:12,"Closed",2016-02-11,"Pipeline","Quote Prepared","39997",2015-12-31,"G_ClosedWon-NotInForecast","six_months"
"0066000001lmMR7AAM","Closed Won",17392,2016-06-03 13:11:41,"Closed",2016-05-31,"Pipeline","Stage 0 - Qualified Lead","17391",2016-03-31,"G_ClosedWon-NotInForecast","six_months"
"0066000001lmMwmAAE","Closed Won",90000,2016-01-20 19:00:32,"Closed",2016-01-20,"Pipeline","Quote Prepared","19998",2016-01-31,"G_ClosedWon-NotInForecast","six_months"
"0066000001lmngyAAA","Closed Won",66000,2016-03-31 21:13:48,"Closed",2016-03-31,"Pipeline","Stage 2 - Defined Oppty","100000",2016-04-29,"G_ClosedWon-NotInForecast","six_months"
"0066000001lmOxaAAE","Closed Won",88200,2016-02-01 16:56:01,"Closed",2016-01-31,"Pipeline","Deal Identified","19999",2016-01-15,"G_ClosedWon-NotInForecast","six_months"
"0066000001lmpBbAAI","Closed Won",7000,2016-05-02 14:05:04,"Closed",2016-04-30,"Pipeline","Quote Prepared","7000",2016-02-19,"G_ClosedWon-NotInForecast","six_months"
"0066000001lmq2xAAA","Closed Won",67500,2016-02-29 17:00:56,"Closed",2016-02-29,"Pipeline","Deal Identified","19998",2015-12-31,"G_ClosedWon-NotInForecast","six_months"
"0066000001lmyXwAAI","Closed Won",0,2016-02-01 18:58:36,"Closed",2016-01-31,"Pipeline","Stage 2 - Defined Oppty","0",2015-12-18,"G_ClosedWon-NotInForecast","six_months"
"0066000001lnWyMAAU","Closed Won",6000,2016-02-29 16:30:53,"Closed",2016-02-29,"Pipeline","Quote Prepared","14999",2016-01-29,"G_ClosedWon-NotInForecast","six_months"
"0066000001lnYSlAAM","Closed Won",28000,2016-01-20 18:50:09,"Closed",2016-01-20,"Pipeline","Quote Prepared","14999",2016-01-15,"G_ClosedWon-NotInForecast","six_months"
"0066000001mTbOkAAK","Closed Won",14000,2016-01-27 14:11:36,"Closed",2016-01-27,"Pipeline","Quote Prepared","14999",2016-01-15,"G_ClosedWon-NotInForecast","six_months"
"0066000001mTcE0AAK","Closed Won",155000,2016-01-28 16:12:58,"Closed",2016-01-28,"Pipeline","Stage 1 - Qualified Oppty","41667",2016-01-31,"G_ClosedWon-NotInForecast","six_months"
"0066000001mTdrjAAC","Closed Won",10000,2016-02-04 21:08:56,"Closed",2016-02-04,"Pipeline","Deal Identified","10000",2016-01-31,"G_ClosedWon-NotInForecast","six_months"
"0066000001mTiAkAAK","Closed Won",68000,2016-02-16 13:24:50,"Closed",2016-02-16,"Pipeline","Stage 1 - Qualified Oppty","68000",2016-02-20,"G_ClosedWon-NotInForecast","six_months"
"0066000001mTicyAAC","Closed Won",26000,2016-04-28 13:59:26,"Closed",2016-04-28,"Pipeline","Stage 1 - Qualified Oppty","26000",2016-04-03,"G_ClosedWon-NotInForecast","six_months"
"0066000001mTiEwAAK","Closed Won",55939,2016-02-22 14:05:55,"Closed",2016-02-16,"Pipeline","Stage 0 - Qualified Lead","55940",2016-02-20,"G_ClosedWon-NotInForecast","six_months"
"0066000001mTiGxAAK","Closed Won",65110,2016-05-23 16:45:08,"Closed",2015-02-22,"Pipeline","Stage 1 - Qualified Oppty","65110",2016-02-27,"G_ClosedWon-NotInForecast","six_months"
"0066000001mTih0AAC","Closed Won",75000,2016-04-28 14:01:21,"Closed",2016-04-28,"Pipeline","Stage 1 - Qualified Oppty","75000",2016-04-23,"G_ClosedWon-NotInForecast","six_months"
"0066000001mTijGAAS","Closed Won",1960,2016-04-28 14:01:29,"Closed",2016-04-28,"Pipeline","Stage 1 - Qualified Oppty","1960",2016-04-23,"G_ClosedWon-NotInForecast","six_months"
"0066000001mTijVAAS","Closed Won",60000,2016-03-25 18:35:26,"Closed",2016-03-25,"Pipeline","Stage 1 - Qualified Oppty","60000",2016-03-30,"G_ClosedWon-NotInForecast","six_months"
"0066000001mTiN5AAK","Closed Won",92500,2016-03-15 20:44:53,"Closed",2016-02-24,"Pipeline","Stage 1 - Qualified Oppty","92500",2016-02-28,"G_ClosedWon-NotInForecast","six_months"
"0066000001mTinhAAC","Closed Won",65000,2016-05-23 14:24:01,"Closed",2016-05-23,"Pipeline","Stage 1 - Qualified Oppty","65000",2016-05-30,"G_ClosedWon-NotInForecast","six_months"
"0066000001mTiOwAAK","Closed Won",328194,2016-03-11 13:49:28,"Closed",2016-03-01,"Pipeline","Stage 1 - Qualified Oppty","328194",2016-03-01,"G_ClosedWon-NotInForecast","six_months"
"0066000001mTipiAAC","Closed Won",75167,2016-03-25 18:34:23,"Closed",2016-03-25,"Pipeline","Stage 1 - Qualified Oppty","136666",2016-03-31,"G_ClosedWon-NotInForecast","six_months"
"0066000001mTipOAAS","Closed Won",32000,2016-05-23 14:24:14,"Closed",2016-05-23,"Pipeline","Stage 1 - Qualified Oppty","32000",2016-05-30,"G_ClosedWon-NotInForecast","six_months"
"0066000001mTiTcAAK","Closed Won",103500,2016-03-25 18:32:16,"Closed",2016-03-25,"Pipeline","Stage 1 - Qualified Oppty","103500",2016-03-30,"G_ClosedWon-NotInForecast","six_months"
"0066000001mTiViAAK","Closed Won",28334,2016-03-25 18:31:47,"Closed",2016-03-25,"Pipeline","Stage 1 - Qualified Oppty","28334",2016-03-30,"G_ClosedWon-NotInForecast","six_months"
"0066000001mTivqAAC","Closed Won",75000,2016-06-28 18:12:25,"Closed",2016-06-28,"Pipeline","Stage 1 - Qualified Oppty","100000",2016-06-25,"G_ClosedWon-NotInForecast","six_months"
"0066000001mTiWqAAK","Closed Won",26000,2016-03-25 18:33:14,"Closed",2016-03-25,"Pipeline","Stage 1 - Qualified Oppty","26000",2016-03-30,"G_ClosedWon-NotInForecast","six_months"
"0066000001mTiXyAAK","Closed Won",50000,2016-03-25 18:35:00,"Closed",2016-03-25,"Pipeline","Stage 1 - Qualified Oppty","50000",2016-03-31,"G_ClosedWon-NotInForecast","six_months"
"0066000001mTizEAAS","Closed Won",50000,2016-06-28 18:15:31,"Closed",2016-06-28,"Pipeline","Stage 1 - Qualified Oppty","50000",2016-06-29,"G_ClosedWon-NotInForecast","six_months"
"0066000001mTizxAAC","Closed Won",62333,2016-06-28 18:16:32,"Closed",2016-06-28,"Pipeline","Stage 1 - Qualified Oppty","62333",2016-06-30,"G_ClosedWon-NotInForecast","six_months"
"0066000001mTj2DAAS","Closed Won",33333,2016-06-28 18:20:19,"Closed",2016-06-28,"Pipeline","Stage 1 - Qualified Oppty","33333",2016-06-30,"G_ClosedWon-NotInForecast","six_months"
"0066000001mTj57AAC","Closed Won",45000,2016-06-28 18:17:33,"Closed",2016-06-28,"Pipeline","Stage 1 - Qualified Oppty","45000",2016-06-30,"G_ClosedWon-NotInForecast","six_months"
"0066000001mTjbXAAS","Closed Won",75000,2016-02-24 16:14:50,"Closed",2016-02-24,"Pipeline","Stage 1 - Qualified Oppty","74949",2016-02-27,"G_ClosedWon-NotInForecast","six_months"
"0066000001mTjDQAA0","Closed Won",7800,2016-06-28 18:16:57,"Closed",2016-06-28,"Pipeline","Stage 1 - Qualified Oppty","7800",2016-06-30,"G_ClosedWon-NotInForecast","six_months"
"0066000001mTjdsAAC","Closed Won",41666.66666667,2016-03-18 11:40:14,"Closed",2016-03-18,"Pipeline","Stage 0 - Qualified Lead","41666.66666667",2016-02-27,"G_ClosedWon-NotInForecast","six_months"
"0066000001mTjhBAAS","Closed Won",13125,2016-03-24 12:10:32,"Closed",2016-03-24,"Pipeline","Stage 0 - Qualified Lead","13250",2016-03-27,"G_ClosedWon-NotInForecast","six_months"
"0066000001mTjkjAAC","Closed Won",90499,2016-03-25 18:33:53,"Closed",2016-03-25,"Pipeline","Stage 1 - Qualified Oppty","90499.99999999",2016-03-30,"G_ClosedWon-NotInForecast","six_months"
"0066000001mTjKWAA0","Closed Won",115000,2016-06-28 18:16:55,"Closed",2016-06-28,"Pipeline","Stage 1 - Qualified Oppty","115000",2016-06-30,"G_ClosedWon-NotInForecast","six_months"
"0066000001mTjmLAAS","Closed Won",120500,2016-03-09 21:23:15,"Closed",2016-03-09,"Pipeline","Stage 0 - Qualified Lead","120500",2016-03-31,"G_ClosedWon-NotInForecast","six_months"
"0066000001mTjMwAAK","Closed Won",275000,2016-06-28 18:14:16,"Closed",2016-06-28,"Pipeline","Stage 1 - Qualified Oppty","260000",2016-06-29,"G_ClosedWon-NotInForecast","six_months"
"0066000001mTjnxAAC","Closed Won",120000,2016-05-23 14:22:59,"Closed",2016-05-15,"Pipeline","Stage 1 - Qualified Oppty","120000",2016-05-15,"G_ClosedWon-NotInForecast","six_months"
"0066000001mTjqSAAS","Closed Won",80000,2016-06-28 18:14:51,"Closed",2016-06-28,"Pipeline","Stage 1 - Qualified Oppty","80000",2016-06-29,"G_ClosedWon-NotInForecast","six_months"
"0066000001mTjx4AAC","Closed Won",102041,2016-02-12 20:35:32,"Closed",2016-01-31,"Pipeline","Stage 1 - Qualified Oppty","102041",2016-01-31,"G_ClosedWon-NotInForecast","six_months"
"0066000001mTk5hAAC","Closed Won",11000,2016-02-12 20:35:51,"Closed",2016-02-01,"Pipeline","Stage 0 - Qualified Lead","11000",2016-02-01,"G_ClosedWon-NotInForecast","six_months"
"0066000001mTk82AAC","Closed Won",58000,2016-02-24 14:08:09,"Closed",2015-02-03,"Pipeline","Stage 1 - Qualified Oppty","58000",2016-02-03,"G_ClosedWon-NotInForecast","six_months"
"0066000001mTkaQAAS","Closed Won",12000,2016-02-16 13:24:02,"Closed",2016-02-16,"Pipeline","Stage 1 - Qualified Oppty","12000",2016-02-18,"G_ClosedWon-NotInForecast","six_months"
"0066000001mTkclAAC","Closed Won",56667,2016-04-20 12:45:47,"Closed",2015-01-15,"Pipeline","Stage 1 - Qualified Oppty","85000",2016-01-15,"G_ClosedWon-NotInForecast","six_months"
"0066000001mTkcMAAS","Closed Won",61290,2016-03-25 18:38:19,"Closed",2016-03-25,"Pipeline","Stage 1 - Qualified Oppty","61290",2016-03-31,"G_ClosedWon-NotInForecast","six_months"
"0066000001mTke3AAC","Closed Won",61000,2016-05-23 14:22:30,"Closed",2016-05-12,"Pipeline","Stage 1 - Qualified Oppty","61000",2016-05-12,"G_ClosedWon-NotInForecast","six_months"
"0066000001mTkn9AAC","Closed Won",47667,2016-06-28 18:17:28,"Closed",2016-06-28,"Pipeline","Stage 1 - Qualified Oppty","47667",2016-07-01,"G_ClosedWon-NotInForecast","six_months"
"0066000001mTkNlAAK","Closed Won",250000,2016-03-25 18:38:55,"Closed",2016-03-25,"Pipeline","Stage 1 - Qualified Oppty","250000",2016-03-31,"G_ClosedWon-NotInForecast","six_months"
"0066000001mTkolAAC","Closed Won",24000,2016-06-28 18:18:49,"Closed",2016-06-28,"Pipeline","Stage 0 - Qualified Lead","24000",2016-06-30,"G_ClosedWon-NotInForecast","six_months"
"0066000001mTkoRAAS","Closed Won",47000,2016-04-20 12:43:22,"Closed",2016-03-29,"Pipeline","Stage 1 - Qualified Oppty","117500",2016-03-28,"G_ClosedWon-NotInForecast","six_months"
"0066000001mTkPhAAK","Closed Won",131818,2016-06-28 18:19:23,"Closed",2016-06-28,"Pipeline","Stage 1 - Qualified Oppty","131818",2016-06-30,"G_ClosedWon-NotInForecast","six_months"
"0066000001mTkpjAAC","Closed Won",21600,2016-02-26 13:00:48,"Closed",2016-01-19,"Pipeline","Stage 1 - Qualified Oppty","36000",2016-01-19,"G_ClosedWon-NotInForecast","six_months"
"0066000001mTkq3AAC","Closed Won",150000,2016-06-28 18:18:44,"Closed",2016-06-28,"Pipeline","Stage 0 - Qualified Lead","150000",2016-06-30,"G_ClosedWon-NotInForecast","six_months"
"0066000001mTkQpAAK","Closed Won",30978,2016-06-20 14:34:49,"Closed",2016-06-20,"Pipeline","Stage 1 - Qualified Oppty","30978",2016-06-20,"G_ClosedWon-NotInForecast","six_months"
"0066000001mTkutAAC","Closed Won",47900,2016-06-28 18:18:46,"Closed",2016-06-28,"Pipeline","Stage 1 - Qualified Oppty","47900",2016-07-01,"G_ClosedWon-NotInForecast","six_months"
"0066000001mTkZIAA0","Closed Won",40500,2016-04-20 12:45:56,"Closed",2015-01-15,"Pipeline","Stage 1 - Qualified Oppty","40500",2016-01-14,"G_ClosedWon-NotInForecast","six_months"
"0066000001mTlQQAA0","Closed Won",79962,2016-03-25 18:38:53,"Closed",2016-03-25,"Pipeline","Stage 1 - Qualified Oppty","79962",2016-03-31,"G_ClosedWon-NotInForecast","six_months"
"0066000001mTlYUAA0","Closed Won",80769,2016-02-25 14:52:43,"Closed",2016-02-27,"Pipeline","Stage 1 - Qualified Oppty","84000",2016-02-27,"G_ClosedWon-NotInForecast","six_months"
"0066000001mTnoZAAS","Closed Won",90000,2016-04-15 21:13:31,"Closed",2016-04-15,"Pipeline","Stage 1 - Qualified Oppty","90000",2016-03-02,"G_ClosedWon-NotInForecast","six_months"
"0066000001mTrk1AAC","Closed Won",680560,2016-06-01 16:41:26,"Closed",2016-05-31,"Pipeline","Stage 2 - Defined Oppty","576000",2015-12-22,"G_ClosedWon-NotInForecast","six_months"
"0066000001mTrpzAAC","Closed Won",35350,2016-02-17 16:23:51,"Closed",2016-02-17,"Pipeline","Stage 2 - Defined Oppty","35000",2016-02-29,"G_ClosedWon-NotInForecast","six_months"
"0066000001mTtEAAA0","Closed Won",28000,2016-01-27 14:08:36,"Closed",2016-01-27,"Pipeline","Quote Prepared","28000",2016-01-29,"G_ClosedWon-NotInForecast","six_months"
"0066000001mTtVyAAK","Closed Won",2000,2016-01-26 13:54:22,"Closed",2016-01-26,"Pipeline","Quote Requested","2500",2016-01-29,"G_ClosedWon-NotInForecast","six_months"
"0066000001mTur3AAC","Closed Won",21333,2016-04-28 14:01:38,"Closed",2016-04-28,"Pipeline","Stage 2 - Defined Oppty","53333",2016-04-30,"G_ClosedWon-NotInForecast","six_months"
"0066000001mTusGAAS","Closed Won",13333,2016-06-28 18:13:47,"Closed",2016-06-28,"Pipeline","Stage 1 - Qualified Oppty","26667",2016-06-26,"G_ClosedWon-NotInForecast","six_months"
"0066000001mTuxQAAS","Closed Won",186667,2016-02-29 17:43:25,"Closed",2016-02-28,"Pipeline","Stage 1 - Qualified Oppty","466620",2016-02-28,"G_ClosedWon-NotInForecast","six_months"
"0066000001mTwa6AAC","Closed Won",48125,2016-02-12 20:30:31,"Closed",2016-01-11,"Pipeline","Stage 1 - Qualified Oppty","48125",2016-01-11,"G_ClosedWon-NotInForecast","six_months"
"0066000001mTwr7AAC","Closed Won",52778,2016-02-12 20:36:28,"Closed",2016-02-02,"Pipeline","Stage 1 - Qualified Oppty","52778",2016-02-02,"G_ClosedWon-NotInForecast","six_months"
"0066000001mTww7AAC","Closed Won",37000,2016-06-28 18:11:40,"Closed",2016-06-28,"Pipeline","Stage 1 - Qualified Oppty","95000",2016-06-24,"G_ClosedWon-NotInForecast","six_months"
"0066000001mTxBHAA0","Closed Won",42361,2016-06-28 18:18:48,"Closed",2016-06-28,"Pipeline","Stage 1 - Qualified Oppty","84851",2016-07-01,"G_ClosedWon-NotInForecast","six_months"
"0066000001mTxDwAAK","Closed Won",4876,2016-06-28 18:21:14,"Closed",2016-06-28,"Pipeline","Stage 0 - Qualified Lead","4876",2016-06-30,"G_ClosedWon-NotInForecast","six_months"
"0066000001mU1DoAAK","Closed Won",31500,2016-03-31 19:58:02,"Closed",2016-03-31,"Pipeline","Deal Identified","0",2016-01-15,"G_ClosedWon-NotInForecast","six_months"
"0066000001mUabYAAS","Closed Won",13500,2016-02-10 18:41:40,"Closed",2016-02-10,"Pipeline","Quote Prepared","19999",2016-01-29,"G_ClosedWon-NotInForecast","six_months"
"0066000001mUBgEAAW","Closed Won",8625,2016-01-12 13:56:48,"Closed",2016-01-12,"Pipeline","SOW Accepted/PO Pending","8625",2016-01-31,"G_ClosedWon-NotInForecast","six_months"
"0066000001mUFewAAG","Closed Won",15000,2016-03-31 21:58:28,"Closed",2016-03-31,"Pipeline","Stage 0 - Qualified Lead","25000",2016-03-31,"G_ClosedWon-NotInForecast","six_months"
"0066000001mUfKaAAK","Closed Won",80200,2016-02-01 18:07:59,"Closed",2016-01-31,"Pipeline","Quote Prepared","80200",2016-01-29,"G_ClosedWon-NotInForecast","six_months"
"0066000001mUh29AAC","Closed Won",7000,2016-01-26 13:46:05,"Closed",2016-01-26,"Pipeline","Deal Identified","39998",2016-01-29,"G_ClosedWon-NotInForecast","six_months"
"0066000001mUIIJAA4","Closed Won",21000,2016-04-22 13:45:27,"Closed",2016-04-22,"Pipeline","Stage 2 - Defined Oppty","7200",2016-03-31,"G_ClosedWon-NotInForecast","six_months"
"0066000001mUIv2AAG","Closed Won",15000,2016-02-23 16:55:17,"Closed",2016-02-23,"Pipeline","Stage 0 - Qualified Lead","0",2016-03-31,"G_ClosedWon-NotInForecast","six_months"
"0066000001mUOvhAAG","Closed Won",2875,2016-01-20 18:07:54,"Closed",2016-01-20,"Pipeline","Quote Prepared","14999",2016-01-31,"G_ClosedWon-NotInForecast","six_months"
"0066000001mUVofAAG","Closed Won",5000,2016-02-04 21:03:05,"Closed",2016-02-04,"Pipeline","Quote Prepared","7000",2016-01-29,"G_ClosedWon-NotInForecast","six_months"
"0066000001mUVwVAAW","Closed Won",8400,2016-01-20 19:21:34,"Closed",2016-01-20,"Pipeline","SOW Accepted/PO Pending","8400",2016-01-07,"G_ClosedWon-NotInForecast","six_months"
"0066000001mUWZZAA4","Closed Won",10125,2016-02-01 18:11:36,"Closed",2016-01-31,"Pipeline","Quote Prepared","10125",2016-01-07,"G_ClosedWon-NotInForecast","six_months"
"0066000001mUX6LAAW","Closed Won",30000,2016-01-25 14:17:06,"Closed",2016-01-25,"Pipeline","Deal Identified","19999",2016-02-05,"G_ClosedWon-NotInForecast","six_months"
"0066000001mUXx7AAG","Closed Won",4500,2016-02-10 19:41:27,"Closed",2016-02-10,"Pipeline","Deal Identified","4999",2016-02-19,"G_ClosedWon-NotInForecast","six_months"
"0066000000Nb2AlAAJ","Closed Won",113250,2016-03-22 16:53:18,"Closed",2016-03-22,"Forecast","Stage 4 - Commercial Agmt","90000",2016-03-31,"G_ClosedWon-InForecast","six_months"
"0066000000OTJ4jAAH","Closed Won",66000,2016-02-11 16:05:57,"Closed",2016-02-11,"Forecast","Stage 4 - Commercial Agmt","66000",2016-02-22,"G_ClosedWon-InForecast","six_months"
"0066000000OTJT5AAP","Closed Won",23800,2016-02-23 22:00:21,"Closed",2016-02-23,"BestCase","Stage 3 - Proof","23800",2016-01-01,"G_ClosedWon-InForecast","six_months"
"0066000000vwfghAAA","Closed Won",502000,2016-03-22 21:25:36,"Closed",2016-03-22,"Forecast","Stage 4 - Commercial Agmt","375000",2016-02-26,"G_ClosedWon-InForecast","six_months"
"0066000001f1kIwAAI","Closed Won",31000,2016-04-01 13:51:23,"Closed",2016-03-31,"Forecast","Stage 4 - Commercial Agmt","137500",2016-02-29,"G_ClosedWon-InForecast","six_months"
"0066000001f1uC8AAI","Closed Won",110000,2016-02-01 15:44:24,"Closed",2016-01-31,"BestCase","Stage 3 - Proof","110000",2016-03-02,"G_ClosedWon-InForecast","six_months"
"0066000001f1uFDAAY","Closed Won",200000,2016-02-17 16:16:33,"Closed",2016-02-17,"BestCase","Stage 3 - Proof","200000",2016-02-13,"G_ClosedWon-InForecast","six_months"
"0066000001Fb0TxAAJ","Closed Won",11000,2016-02-29 17:05:28,"Closed",2016-02-29,"Forecast","Stage 4 - Commercial Agmt","12888",2016-03-31,"G_ClosedWon-InForecast","six_months"
"0066000001iYVJlAAO","Closed Won",24300,2016-02-24 16:05:56,"Closed",2016-02-24,"BestCase","Stage 3 - Proof","24300",2016-02-15,"G_ClosedWon-InForecast","six_months"
"0066000001iZ8BWAA0","Closed Won",69000,2016-02-29 16:36:46,"Closed",2016-02-29,"Forecast","Stage 4 - Commercial Agmt","69000",2016-03-31,"G_ClosedWon-InForecast","six_months"
"0066000001jAepOAAS","Closed Won",130250,2016-04-01 08:19:15,"Closed",2016-03-31,"BestCase","Stage 3 - Proof","157000",2016-03-31,"G_ClosedWon-InForecast","six_months"
"0066000001jAetLAAS","Closed Won",56565,2016-03-31 17:29:56,"Closed",2016-03-31,"Forecast","Stage 4 - Commercial Agmt","56522",2016-03-31,"G_ClosedWon-InForecast","six_months"
"0066000001jAgvQAAS","Closed Won",39130,2016-04-02 14:41:04,"Closed",2016-03-31,"Forecast","Stage 4 - Commercial Agmt","39130",2016-03-31,"G_ClosedWon-InForecast","six_months"
"0066000001jAhDyAAK","Closed Won",70000,2016-03-29 14:07:56,"Closed",2016-03-29,"Forecast","Stage 6 - Awaiting Order","70000",2016-03-31,"G_ClosedWon-InForecast","six_months"
"0066000001jAoGZAA0","Closed Won",118000,2016-05-03 22:18:36,"Closed",2016-04-01,"Forecast","Stage 4 - Commercial Agmt","100000",2016-02-27,"G_ClosedWon-InForecast","six_months"
"0066000001jAXvEAAW","Closed Won",120000,2016-03-28 14:02:29,"Closed",2016-03-28,"BestCase","Stage 3 - Proof","120000",2016-03-31,"G_ClosedWon-InForecast","six_months"
"0066000001jBR30AAG","Closed Won",10500,2016-03-31 16:20:16,"Closed",2016-03-31,"Forecast","Stage 4 - Commercial Agmt","4000",2016-06-30,"G_ClosedWon-InForecast","six_months"
"0066000001jh5fCAAQ","Closed Won",50000,2016-03-30 17:50:32,"Closed",2016-03-30,"BestCase","Stage 3 - Proof","37500",2016-03-31,"G_ClosedWon-InForecast","six_months"
"0066000001jhSmLAAU","Closed Won",18750,2016-04-27 14:49:29,"Closed",2016-04-27,"Forecast","Stage 4 - Commercial Agmt","17500",2016-06-30,"G_ClosedWon-InForecast","six_months"
"0066000001kFJXbAAO","Closed Won",174000,2016-03-31 20:22:42,"Closed",2016-03-31,"BestCase","Stage 3 - Proof","50000",2016-03-31,"G_ClosedWon-InForecast","six_months"
"0066000001kH6lvAAC","Closed Won",155000,2016-04-20 14:43:43,"Closed",2016-04-20,"Forecast","Stage 4 - Commercial Agmt","135000",2016-02-19,"G_ClosedWon-InForecast","six_months"
"0066000001kH80DAAS","Closed Won",60000,2016-06-01 13:54:06,"Closed",2016-05-31,"Forecast","Stage 4 - Commercial Agmt","60000",2016-06-30,"G_ClosedWon-InForecast","six_months"
"0066000001kH84zAAC","Closed Won",47250,2016-03-25 15:01:16,"Closed",2016-03-25,"BestCase","Stage 3 - Proof","52500",2016-01-29,"G_ClosedWon-InForecast","six_months"
"0066000001kIvseAAC","Closed Won",53000,2016-03-28 16:13:53,"Closed",2016-03-28,"BestCase","Stage 3 - Proof","68000",2016-03-31,"G_ClosedWon-InForecast","six_months"
"0066000001kZEwmAAG","Closed Won",52000,2016-06-30 17:19:26,"Closed",2016-06-30,"BestCase","Stage 3 - Proof","35000",2016-03-31,"G_ClosedWon-InForecast","six_months"
"0066000001lA0iAAAS","Closed Won",110000,2016-06-20 14:41:12,"Closed",2016-06-20,"Forecast","Stage 7 - Order Rcvd","110000",2016-06-30,"G_ClosedWon-InForecast","six_months"
"0066000001lA6ayAAC","Closed Won",40000,2016-03-25 18:37:09,"Closed",2016-03-25,"Forecast","Stage 7 - Order Rcvd","40000",2016-03-31,"G_ClosedWon-InForecast","six_months"
"0066000001lA6czAAC","Closed Won",23750,2016-05-23 14:21:47,"Closed",2016-05-01,"Forecast","Stage 7 - Order Rcvd","47500",2016-05-01,"G_ClosedWon-InForecast","six_months"
"0066000001lA6qPAAS","Closed Won",46666.65,2016-03-25 18:30:40,"Closed",2016-03-25,"Forecast","Stage 7 - Order Rcvd","46666.65",2016-03-28,"G_ClosedWon-InForecast","six_months"
"0066000001lA6TiAAK","Closed Won",53333,2016-03-25 18:34:42,"Closed",2016-03-25,"Forecast","Stage 7 - Order Rcvd","53333",2016-03-31,"G_ClosedWon-InForecast","six_months"
"0066000001lA6tsAAC","Closed Won",37500,2016-03-15 20:49:14,"Closed",2016-02-27,"Forecast","Stage 7 - Order Rcvd","37500",2016-02-27,"G_ClosedWon-InForecast","six_months"
"0066000001lA6wmAAC","Closed Won",19565,2016-06-20 14:34:33,"Closed",2016-06-04,"Forecast","Stage 7 - Order Rcvd","19565",2016-06-04,"G_ClosedWon-InForecast","six_months"
"0066000001lA75AAAS","Closed Won",31250,2016-06-20 14:34:07,"Closed",2016-06-01,"Forecast","Stage 7 - Order Rcvd","62500",2016-06-01,"G_ClosedWon-InForecast","six_months"
"0066000001lA7B3AAK","Closed Won",88333.33,2016-02-12 20:34:59,"Closed",2016-01-28,"Forecast","Stage 7 - Order Rcvd","88333.33",2016-01-28,"G_ClosedWon-InForecast","six_months"
"0066000001lA7EHAA0","Closed Won",105833.33,2016-03-15 20:42:35,"Closed",2016-02-26,"Forecast","Stage 7 - Order Rcvd","105833.33",2016-02-29,"G_ClosedWon-InForecast","six_months"
"0066000001lA7EWAA0","Closed Won",50000,2016-05-23 14:23:30,"Closed",2016-05-20,"Forecast","Stage 7 - Order Rcvd","50000",2016-05-20,"G_ClosedWon-InForecast","six_months"
"0066000001lA7k3AAC","Closed Won",24000,2016-02-12 20:37:17,"Closed",2016-02-12,"Forecast","Stage 7 - Order Rcvd","24000",2016-02-13,"G_ClosedWon-InForecast","six_months"
"0066000001lb8dzAAA","Closed Won",47321,2016-04-28 13:57:57,"Closed",2016-04-28,"Forecast","Stage 7 - Order Rcvd","100000",2016-03-31,"G_ClosedWon-InForecast","six_months"
"0066000001lBbBhAAK","Closed Won",25000,2016-02-26 16:08:48,"Closed",2016-02-26,"BestCase","Stage 3 - Proof","25000",2016-02-29,"G_ClosedWon-InForecast","six_months"
"0066000001ljypVAAQ","Closed Won",105000,2016-02-01 18:16:05,"Closed",2016-01-31,"BestCase","Stage 3 - Proof","93844",2016-01-31,"G_ClosedWon-InForecast","six_months"
"0066000001lkAWfAAM","Closed Won",100000,2016-03-31 20:40:58,"Closed",2016-03-31,"BestCase","Stage 3 - Proof","150000",2016-02-12,"G_ClosedWon-InForecast","six_months"
"0066000001lm3KEAAY","Closed Won",30000,2016-01-21 14:42:34,"Closed",2016-01-21,"Forecast","Stage 4 - Commercial Agmt","30000",2016-01-31,"G_ClosedWon-InForecast","six_months"
"0066000001lmaiKAAQ","Closed Won",10250,2016-02-25 01:44:43,"Closed",2016-02-23,"BestCase","Stage 3 - Proof","15000",2016-01-31,"G_ClosedWon-InForecast","six_months"
"0066000001lmiA2AAI","Closed Won",3000,2016-03-10 15:41:28,"Closed",2016-03-10,"Forecast","Stage 7 - Order Rcvd","2750",2016-01-31,"G_ClosedWon-InForecast","six_months"
"0066000001MKwajAAD","Closed Won",12000,2016-06-23 19:22:45,"Closed",2016-06-23,"Forecast","Stage 7 - Order Rcvd","12000",2016-01-31,"G_ClosedWon-InForecast","six_months"
"0066000001MKZSVAA5","Closed Won",8000,2016-06-22 15:58:58,"Closed",2016-06-22,"Forecast","Stage 7 - Order Rcvd","8000",2016-01-31,"G_ClosedWon-InForecast","six_months"
"0066000001mU4BuAAK","Closed Won",0,2016-01-21 14:50:46,"Closed",2016-01-21,"Forecast","Stage 7 - Order Rcvd","0",2015-12-29,"G_ClosedWon-InForecast","six_months"
"0066000001mUB3iAAG","Closed Won",46044,2016-02-01 16:00:42,"Closed",2016-01-31,"Forecast","Stage 4 - Commercial Agmt","39130",2016-03-31,"G_ClosedWon-InForecast","six_months"
"0066000001mUIGKAA4","Closed Won",14500,2016-03-31 14:47:10,"Closed",2016-03-31,"Forecast","Stage 4 - Commercial Agmt","10000",2016-03-31,"G_ClosedWon-InForecast","six_months"
"0066000001SL3AvAAL","Closed Won",162000,2016-03-15 16:45:39,"Closed",2016-03-08,"BestCase","Stage 3 - Proof","178000",2016-02-21,"G_ClosedWon-InForecast","six_months"
"0066000001SLk4OAAT","Closed Won",65000,2016-01-28 13:39:34,"Closed",2016-01-28,"Forecast","Stage 5 - Purchasing","65000",2016-01-15,"G_ClosedWon-InForecast","six_months"
"0066000001SLPIXAA5","Closed Won",110000,2016-02-23 17:14:18,"Closed",2016-02-23,"BestCase","Stage 3 - Proof","110000",2016-02-29,"G_ClosedWon-InForecast","six_months"
"0066000001SMRmcAAH","Closed Won",55000,2016-02-01 17:38:34,"Closed",2016-01-31,"Forecast","Stage 5 - Purchasing","55000",2016-01-30,"G_ClosedWon-InForecast","six_months"
"0066000001ZYH6wAAH","Closed Won",42000,2016-06-30 18:13:41,"Closed",2016-06-30,"Forecast","Stage 4 - Commercial Agmt","40000",2016-06-30,"G_ClosedWon-InForecast","six_months"
"0066000000IxNw9AAF","Stage 7 - Order Rcvd",13200,2016-07-06 14:22:20,"Forecast",2016-07-21,"Pipeline","Stage 1 - Qualified Oppty","12000",2016-07-21,"H_EnteredForecast","six_months"
"0066000000lVrRRAA0","Stage 3 - Proof",100000,2016-06-17 17:11:20,"BestCase",2016-12-23,"Pipeline","Stage 2 - Defined Oppty","500000",2016-09-30,"H_EnteredForecast","six_months"
"0066000000R01YFAAZ","Stage 3 - Proof",60000,2016-06-07 19:16:56,"BestCase",2016-09-30,"Pipeline","Stage 1 - Qualified Oppty","167000",2016-03-29,"H_EnteredForecast","six_months"
"0066000000TynxRAAR","Stage 7 - Order Rcvd",135000,2016-03-01 15:19:59,"Forecast",2016-08-01,"Pipeline","Stage 1 - Qualified Oppty","375000",2016-10-14,"H_EnteredForecast","six_months"
"0066000000TyoUjAAJ","Stage 3 - Proof",52500,2016-06-30 08:24:39,"BestCase",2016-07-30,"Pipeline","Stage 1 - Qualified Oppty","50685",2016-08-07,"H_EnteredForecast","six_months"
"0066000001iYc6aAAC","Stage 4 - Commercial Agmt",32000,2016-06-24 08:35:15,"Forecast",2016-08-31,"Pipeline","Stage 2 - Defined Oppty","28000",2016-03-30,"H_EnteredForecast","six_months"
"0066000001jAg40AAC","Stage 4 - Commercial Agmt",50750,2016-06-22 13:06:32,"Forecast",2016-08-15,"Pipeline","Stage 2 - Defined Oppty","48750",2016-04-30,"H_EnteredForecast","six_months"
"0066000001jdxDAAAY","Stage 3 - Proof",150000,2016-04-17 17:47:06,"BestCase",2016-11-30,"Pipeline","Stage 2 - Defined Oppty","12000",2016-03-31,"H_EnteredForecast","six_months"
"0066000001jemYKAAY","Stage 3 - Proof",200000,2016-06-13 14:01:56,"BestCase",2016-07-27,"Pipeline","Stage 0 - Qualified Lead","0",2015-12-30,"H_EnteredForecast","six_months"
"0066000001jfvqvAAA","Stage 5 - Purchasing",41667,2016-06-02 14:56:55,"Forecast",2016-06-30,"Pipeline","Stage 1 - Qualified Oppty","43478",2016-02-29,"H_EnteredForecast","six_months"
"0066000001jgjcrAAA","Stage 3 - Proof",152500,2016-05-10 15:35:56,"BestCase",2016-09-02,"Pipeline","Stage 1 - Qualified Oppty","152500",2016-05-30,"H_EnteredForecast","six_months"
"0066000001kHG9SAAW","Stage 4 - Commercial Agmt",100000,2016-06-30 13:41:04,"Forecast",2016-07-25,"Pipeline","Stage 1 - Qualified Oppty","100000",2016-07-25,"H_EnteredForecast","six_months"
"0066000001kJFG9AAO","Stage 3 - Proof",50000,2016-06-01 06:27:15,"BestCase",2016-12-30,"Pipeline","Stage 2 - Defined Oppty","50000",2016-03-30,"H_EnteredForecast","six_months"
"0066000001kJHzdAAG","Stage 3 - Proof",100000,2016-05-27 13:27:12,"BestCase",2016-07-29,"Pipeline","Stage 2 - Defined Oppty","35000",2016-03-25,"H_EnteredForecast","six_months"
"0066000001kZcapAAC","Stage 3 - Proof",50000,2016-06-15 23:38:16,"BestCase",2016-11-30,"Pipeline","Stage 1 - Qualified Oppty","50000",2016-07-29,"H_EnteredForecast","six_months"
"0066000001kZcsPAAS","Stage 4 - Commercial Agmt",183500,2016-06-28 20:26:50,"Forecast",2016-07-31,"Pipeline","Stage 1 - Qualified Oppty","0",2016-03-31,"H_EnteredForecast","six_months"
"0066000001kZhL5AAK","Stage 3 - Proof",37000,2016-06-10 07:11:12,"BestCase",2016-08-21,"Pipeline","Stage 0 - Qualified Lead","37000",2016-08-21,"H_EnteredForecast","six_months"
"0066000001kZhMNAA0","Stage 4 - Commercial Agmt",75000,2016-06-10 06:41:54,"Forecast",2016-09-30,"Pipeline","Stage 0 - Qualified Lead","75000",2016-09-30,"H_EnteredForecast","six_months"
"0066000001kZUhBAAW","Stage 3 - Proof",50000,2016-06-29 14:20:15,"BestCase",2016-09-25,"Pipeline","Stage 1 - Qualified Oppty","50000",2016-05-10,"H_EnteredForecast","six_months"
"0066000001l8SK6AAM","Stage 3 - Proof",20500,2016-06-29 16:43:57,"BestCase",2016-07-31,"Pipeline","Stage 1 - Qualified Oppty","25000",2016-04-30,"H_EnteredForecast","six_months"
"0066000001lA6bDAAS","Stage 7 - Order Rcvd",40000,2016-02-23 20:41:04,"Forecast",2017-03-31,"Pipeline","Stage 1 - Qualified Oppty","40000",2017-03-31,"H_EnteredForecast","six_months"
"0066000001lA6pMAAS","Stage 7 - Order Rcvd",29973,2016-02-23 20:40:10,"Forecast",2017-03-20,"Pipeline","Stage 1 - Qualified Oppty","30000",2017-03-20,"H_EnteredForecast","six_months"
"0066000001lA6VAAA0","Stage 7 - Order Rcvd",53333,2016-02-23 20:40:53,"Forecast",2017-03-31,"Pipeline","Stage 1 - Qualified Oppty","53333",2017-03-31,"H_EnteredForecast","six_months"
"0066000001lAhrGAAS","Stage 3 - Proof",60000,2016-02-22 02:33:09,"BestCase",2016-09-27,"Pipeline","Stage 0 - Qualified Lead","60000",2016-09-27,"H_EnteredForecast","six_months"
"0066000001lBBPTAA4","Stage 3 - Proof",150000,2016-03-15 14:18:57,"BestCase",2016-11-25,"Pipeline","Stage 2 - Defined Oppty","30000",2016-03-18,"H_EnteredForecast","six_months"
"0066000001lBOXVAA4","Stage 3 - Proof",125000,2016-06-30 16:57:20,"BestCase",2016-09-30,"Pipeline","Stage 1 - Qualified Oppty","200000",2016-06-30,"H_EnteredForecast","six_months"
"0066000001ljcPsAAI","Stage 3 - Proof",75000,2016-07-01 14:42:35,"BestCase",2016-09-30,"Pipeline","Stage 2 - Defined Oppty","35000",2016-02-23,"H_EnteredForecast","six_months"
"0066000001ljdKeAAI","Stage 3 - Proof",80000,2016-03-02 16:45:16,"BestCase",2017-12-31,"Pipeline","Stage 0 - Qualified Lead","80000",2017-12-31,"H_EnteredForecast","six_months"
"0066000001lkrkNAAQ","Stage 3 - Proof",54500,2016-06-30 16:34:48,"BestCase",2016-08-31,"Pipeline","Stage 2 - Defined Oppty","100000",2016-03-31,"H_EnteredForecast","six_months"
"0066000001lkSxqAAE","Stage 3 - Proof",25000,2016-03-15 07:39:47,"BestCase",2016-10-31,"Pipeline","Stage 0 - Qualified Lead","0",2016-03-31,"H_EnteredForecast","six_months"
"0066000001ll3ldAAA","Stage 3 - Proof",400000,2016-06-25 15:32:58,"BestCase",2016-09-30,"Pipeline","Stage 1 - Qualified Oppty","100000",2016-03-31,"H_EnteredForecast","six_months"
"0066000001lls50AAA","Stage 4 - Commercial Agmt",28000,2016-06-21 12:41:38,"Forecast",2016-07-31,"Pipeline","Stage 1 - Qualified Oppty","28000",2016-04-30,"H_EnteredForecast","six_months"
"0066000001llYsiAAE","Stage 3 - Proof",200000,2016-06-25 15:22:37,"BestCase",2016-09-30,"Pipeline","Stage 0 - Qualified Lead","0",2016-06-30,"H_EnteredForecast","six_months"
"0066000001lmjLrAAI","Stage 3 - Proof",25000,2016-06-20 14:48:45,"BestCase",2016-07-31,"Pipeline","Stage 1 - Qualified Oppty","25000",2016-03-31,"H_EnteredForecast","six_months"
"0066000001lmMqtAAE","Stage 4 - Commercial Agmt",400000,2016-07-05 13:17:05,"Forecast",2016-08-31,"Pipeline","Stage 2 - Defined Oppty","440000",2016-03-29,"H_EnteredForecast","six_months"
"0066000001lmPlJAAU","Stage 3 - Proof",10000,2016-06-29 16:44:35,"BestCase",2016-07-31,"Pipeline","Stage 0 - Qualified Lead","0",2016-04-30,"H_EnteredForecast","six_months"
"0066000001ln1OyAAI","Stage 3 - Proof",35000,2016-06-21 21:41:59,"BestCase",2016-07-31,"Pipeline","Stage 0 - Qualified Lead","0",2016-04-30,"H_EnteredForecast","six_months"
"0066000001MK0D3AAL","Stage 3 - Proof",50000,2016-06-17 17:07:06,"BestCase",2016-12-31,"Pipeline","Stage 0 - Qualified Lead","0",2016-02-24,"H_EnteredForecast","six_months"
"0066000001mTcIgAAK","Stage 4 - Commercial Agmt",160000,2016-07-05 12:54:10,"Forecast",2016-07-18,"Pipeline","Stage 2 - Defined Oppty","200000",2016-03-30,"H_EnteredForecast","six_months"
"0066000001mTisSAAS","Stage 7 - Order Rcvd",86667,2016-02-11 20:33:24,"Forecast",2016-07-01,"Pipeline","Stage 1 - Qualified Oppty","86667",2016-07-01,"H_EnteredForecast","six_months"
"0066000001mTiuOAAS","Stage 7 - Order Rcvd",53285,2016-02-20 22:44:04,"Forecast",2016-07-01,"Pipeline","Stage 1 - Qualified Oppty","53285",2016-06-30,"H_EnteredForecast","six_months"
"0066000001mTivgAAC","Stage 7 - Order Rcvd",64000,2016-02-11 20:31:44,"Forecast",2016-09-28,"Pipeline","Stage 0 - Qualified Lead","64000",2016-09-28,"H_EnteredForecast","six_months"
"0066000001mTiw0AAC","Stage 7 - Order Rcvd",64000,2016-02-24 14:38:49,"Forecast",2017-09-28,"Pipeline","Stage 0 - Qualified Lead","64000",2017-09-28,"H_EnteredForecast","six_months"
"0066000001mTjcfAAC","Stage 7 - Order Rcvd",74949,2016-02-24 16:35:58,"Forecast",2017-02-27,"Pipeline","Stage 1 - Qualified Oppty","74949",2017-02-27,"H_EnteredForecast","six_months"
"0066000001mTjDVAA0","Stage 7 - Order Rcvd",84000,2016-02-11 20:50:04,"Forecast",2016-08-23,"Pipeline","Stage 1 - Qualified Oppty","84000",2016-08-23,"H_EnteredForecast","six_months"
"0066000001mTje7AAC","Stage 7 - Order Rcvd",41666.66666667,2016-02-24 17:40:39,"Forecast",2017-02-27,"Pipeline","Stage 0 - Qualified Lead","41666.66666667",2017-02-27,"H_EnteredForecast","six_months"
"0066000001mTjFHAA0","Stage 7 - Order Rcvd",54000,2016-02-11 20:56:40,"Forecast",2016-09-29,"Pipeline","Stage 1 - Qualified Oppty","54000",2016-09-29,"H_EnteredForecast","six_months"
"0066000001mTjGFAA0","Stage 7 - Order Rcvd",200000,2016-02-11 20:53:53,"Forecast",2016-09-29,"Pipeline","Stage 1 - Qualified Oppty","200000",2016-09-29,"H_EnteredForecast","six_months"
"0066000001mTjGoAAK","Stage 7 - Order Rcvd",38333,2016-02-11 21:12:03,"Forecast",2016-09-30,"Pipeline","Stage 1 - Qualified Oppty","38333",2016-09-30,"H_EnteredForecast","six_months"
"0066000001mTjhQAAS","Stage 7 - Order Rcvd",13250,2016-02-24 12:53:38,"Forecast",2017-03-27,"Pipeline","Stage 0 - Qualified Lead","13250",2017-03-27,"H_EnteredForecast","six_months"
"0066000001mTjIQAA0","Stage 7 - Order Rcvd",19200,2016-02-11 21:04:06,"Forecast",2016-09-30,"Pipeline","Stage 1 - Qualified Oppty","19200",2016-09-30,"H_EnteredForecast","six_months"
"0066000001mTjK2AAK","Stage 7 - Order Rcvd",46154,2016-02-11 21:01:25,"Forecast",2016-09-30,"Pipeline","Stage 1 - Qualified Oppty","46154",2016-09-30,"H_EnteredForecast","six_months"
"0066000001mTjkyAAC","Stage 7 - Order Rcvd",90499.99999999,2016-02-24 13:05:05,"Forecast",2017-03-30,"Pipeline","Stage 0 - Qualified Lead","90499.99999999",2017-03-30,"H_EnteredForecast","six_months"
"0066000001mTjmVAAS","Stage 7 - Order Rcvd",120500,2016-02-23 13:24:16,"Forecast",2017-03-31,"Pipeline","Stage 0 - Qualified Lead","120500",2017-03-31,"H_EnteredForecast","six_months"
"0066000001mTjNpAAK","Stage 7 - Order Rcvd",125000,2016-02-11 21:10:29,"Forecast",2016-09-30,"Pipeline","Stage 1 - Qualified Oppty","125000",2016-09-30,"H_EnteredForecast","six_months"
"0066000001mTjoMAAS","Stage 7 - Order Rcvd",120000,2016-02-24 14:33:00,"Forecast",2017-05-15,"Pipeline","Stage 1 - Qualified Oppty","120000",2017-05-15,"H_EnteredForecast","six_months"
"0066000001mTjOxAAK","Stage 7 - Order Rcvd",13000,2016-02-11 20:58:50,"Forecast",2016-09-30,"Pipeline","Stage 1 - Qualified Oppty","13000",2016-09-30,"H_EnteredForecast","six_months"
"0066000001mTjqhAAC","Stage 7 - Order Rcvd",80000,2016-02-24 14:37:02,"Forecast",2017-06-29,"Pipeline","Stage 1 - Qualified Oppty","80000",2017-06-29,"H_EnteredForecast","six_months"
"0066000001mTjuoAAC","Stage 7 - Order Rcvd",64000,2016-02-12 13:52:23,"Forecast",2016-11-14,"Pipeline","Stage 1 - Qualified Oppty","64000",2016-11-14,"H_EnteredForecast","six_months"
"0066000001mTjUqAAK","Stage 7 - Order Rcvd",36400,2016-02-11 21:50:05,"Forecast",2016-10-01,"Pipeline","Stage 1 - Qualified Oppty","36400",2016-10-01,"H_EnteredForecast","six_months"
"0066000001mTjvXAAS","Stage 7 - Order Rcvd",72000,2016-02-12 14:00:51,"Forecast",2016-11-30,"Pipeline","Stage 1 - Qualified Oppty","72000",2016-11-30,"H_EnteredForecast","six_months"
"0066000001mTjw1AAC","Stage 7 - Order Rcvd",105000,2016-02-12 13:55:37,"Forecast",2016-11-15,"Pipeline","Stage 1 - Qualified Oppty","105000",2016-11-15,"H_EnteredForecast","six_months"
"0066000001mTjwGAAS","Stage 7 - Order Rcvd",72000,2016-02-24 14:01:09,"Forecast",2017-11-30,"Pipeline","Stage 1 - Qualified Oppty","70000",2017-11-30,"H_EnteredForecast","six_months"
"0066000001mTjXkAAK","Stage 7 - Order Rcvd",84091,2016-02-22 14:17:38,"Forecast",2016-08-18,"Pipeline","Stage 0 - Qualified Lead","85253",2016-08-18,"H_EnteredForecast","six_months"
"0066000001mTjxYAAS","Stage 7 - Order Rcvd",54667,2016-02-12 13:54:05,"Forecast",2016-11-15,"Pipeline","Stage 1 - Qualified Oppty","54667",2016-11-15,"H_EnteredForecast","six_months"
"0066000001mTjYEAA0","Stage 7 - Order Rcvd",65190,2016-02-22 14:20:52,"Forecast",2016-08-18,"Pipeline","Stage 1 - Qualified Oppty","157759",2016-08-18,"H_EnteredForecast","six_months"
"0066000001mTjz5AAC","Stage 7 - Order Rcvd",102041,2016-02-24 16:38:06,"Forecast",2017-01-31,"Pipeline","Stage 1 - Qualified Oppty","102041",2017-01-31,"H_EnteredForecast","six_months"
"0066000001mTjzAAAS","Stage 7 - Order Rcvd",33333,2016-02-22 14:25:40,"Forecast",2016-11-29,"Pipeline","Stage 1 - Qualified Oppty","35000",2016-11-29,"H_EnteredForecast","six_months"
"0066000001mTk0cAAC","Stage 7 - Order Rcvd",59250,2016-02-12 14:19:31,"Forecast",2016-12-19,"Pipeline","Stage 1 - Qualified Oppty","59250",2016-12-19,"H_EnteredForecast","six_months"
"0066000001mTk16AAC","Stage 7 - Order Rcvd",50000,2016-02-12 14:06:12,"Forecast",2016-11-30,"Pipeline","Stage 1 - Qualified Oppty","50000",2016-11-30,"H_EnteredForecast","six_months"
"0066000001mTk1uAAC","Stage 7 - Order Rcvd",60300,2016-02-11 21:34:15,"Forecast",2016-12-23,"Pipeline","Stage 0 - Qualified Lead","60300",2016-12-23,"H_EnteredForecast","six_months"
"0066000001mTk1VAAS","Stage 7 - Order Rcvd",50000,2016-02-23 13:22:38,"Forecast",2017-11-30,"Pipeline","Stage 1 - Qualified Oppty","50000",2017-11-30,"H_EnteredForecast","six_months"
"0066000001mTk9AAAS","Stage 7 - Order Rcvd",58000,2016-02-24 14:04:21,"Forecast",2017-02-03,"Pipeline","Stage 1 - Qualified Oppty","58000",2017-02-03,"H_EnteredForecast","six_months"
"0066000001mTkA4AAK","Stage 7 - Order Rcvd",33333,2016-02-12 14:24:17,"Forecast",2016-12-30,"Pipeline","Stage 1 - Qualified Oppty","33333",2016-12-30,"H_EnteredForecast","six_months"
"0066000001mTkArAAK","Stage 7 - Order Rcvd",33333,2016-02-12 14:27:20,"Forecast",2016-12-30,"Pipeline","Stage 1 - Qualified Oppty","33333",2016-12-30,"H_EnteredForecast","six_months"
"0066000001mTkBzAAK","Stage 7 - Order Rcvd",9857,2016-02-22 14:29:58,"Forecast",2016-12-30,"Pipeline","Stage 0 - Qualified Lead","9718",2016-12-30,"H_EnteredForecast","six_months"
"0066000001mTkC9AAK","Stage 7 - Order Rcvd",99000,2016-02-22 14:26:12,"Forecast",2016-12-15,"Pipeline","Stage 1 - Qualified Oppty","95000",2016-12-15,"H_EnteredForecast","six_months"
"0066000001mTkCTAA0","Stage 7 - Order Rcvd",99000,2016-02-24 17:40:53,"Forecast",2017-12-15,"Pipeline","Stage 1 - Qualified Oppty","95000",2017-12-15,"H_EnteredForecast","six_months"
"0066000001mTkd5AAC","Stage 7 - Order Rcvd",56667,2016-06-20 14:36:01,"Forecast",2016-12-29,"Pipeline","Stage 1 - Qualified Oppty","85000",2017-01-15,"H_EnteredForecast","six_months"
"0066000001mTkEeAAK","Stage 7 - Order Rcvd",45450,2016-02-12 14:16:50,"Forecast",2016-12-16,"Pipeline","Stage 1 - Qualified Oppty","45450",2016-12-16,"H_EnteredForecast","six_months"
"0066000001mTkEFAA0","Stage 7 - Order Rcvd",20000,2016-02-22 14:25:09,"Forecast",2016-12-30,"Pipeline","Stage 1 - Qualified Oppty","19830",2016-12-30,"H_EnteredForecast","six_months"
"0066000001mTkFDAA0","Stage 7 - Order Rcvd",45450,2016-02-23 12:53:06,"Forecast",2017-12-16,"Pipeline","Stage 1 - Qualified Oppty","45450",2017-12-16,"H_EnteredForecast","six_months"
"0066000001mTkGVAA0","Stage 7 - Order Rcvd",102041,2016-02-24 16:37:29,"Forecast",2018-01-31,"Pipeline","Stage 1 - Qualified Oppty","102041",2018-01-31,"H_EnteredForecast","six_months"
"0066000001mTkjbAAC","Stage 7 - Order Rcvd",180000,2016-02-22 14:41:26,"Forecast",2016-12-31,"Pipeline","Stage 1 - Qualified Oppty","300000",2016-12-31,"H_EnteredForecast","six_months"
"0066000001mTkjlAAC","Stage 7 - Order Rcvd",48000,2016-02-22 14:40:30,"Forecast",2016-12-31,"Pipeline","Stage 1 - Qualified Oppty","80000",2016-12-31,"H_EnteredForecast","six_months"
"0066000001mTkJPAA0","Stage 7 - Order Rcvd",58000,2016-02-24 14:04:31,"Forecast",2018-02-03,"Pipeline","Stage 1 - Qualified Oppty","58000",2018-02-03,"H_EnteredForecast","six_months"
"0066000001mTkKXAA0","Stage 7 - Order Rcvd",55000,2016-02-22 14:27:38,"Forecast",2016-12-31,"Pipeline","Stage 1 - Qualified Oppty","50333",2016-12-31,"H_EnteredForecast","six_months"
"0066000001mTkL1AAK","Stage 7 - Order Rcvd",57143,2016-02-25 20:17:05,"Forecast",2016-12-29,"Pipeline","Stage 1 - Qualified Oppty","57143",2016-12-29,"H_EnteredForecast","six_months"
"0066000001mTkL6AAK","Stage 7 - Order Rcvd",30000,2016-02-12 14:35:13,"Forecast",2016-12-31,"Pipeline","Stage 1 - Qualified Oppty","30000",2016-12-31,"H_EnteredForecast","six_months"
"0066000001mTkLuAAK","Stage 7 - Order Rcvd",80000,2016-02-12 14:33:34,"Forecast",2016-12-31,"Pipeline","Stage 1 - Qualified Oppty","80000",2016-12-31,"H_EnteredForecast","six_months"
"0066000001mTklXAAS","Stage 7 - Order Rcvd",47000,2016-04-20 12:43:44,"Forecast",2017-03-29,"Pipeline","Stage 1 - Qualified Oppty","117500",2017-03-28,"H_EnteredForecast","six_months"
"0066000001mTknOAAS","Stage 7 - Order Rcvd",132000,2016-02-22 14:38:30,"Forecast",2016-09-30,"Pipeline","Stage 1 - Qualified Oppty","219123",2016-09-30,"H_EnteredForecast","six_months"
"0066000001mTkovAAC","Stage 7 - Order Rcvd",21600,2016-02-26 13:10:21,"Forecast",2018-01-19,"Pipeline","Stage 1 - Qualified Oppty","36000",2018-01-19,"H_EnteredForecast","six_months"
"0066000001mTkp5AAC","Stage 7 - Order Rcvd",21600,2016-02-26 13:09:21,"Forecast",2017-01-19,"Pipeline","Stage 1 - Qualified Oppty","36000",2017-01-19,"H_EnteredForecast","six_months"
"0066000001mTkpyAAC","Stage 7 - Order Rcvd",12692,2016-02-29 15:55:30,"Forecast",2018-07-14,"Pipeline","Stage 1 - Qualified Oppty","20952",2018-07-14,"H_EnteredForecast","six_months"
"0066000001mTkQ6AAK","Stage 7 - Order Rcvd",131818,2016-02-24 16:16:18,"Forecast",2017-06-30,"Pipeline","Stage 1 - Qualified Oppty","131818",2017-06-30,"H_EnteredForecast","six_months"
"0066000001mTkQkAAK","Stage 7 - Order Rcvd",98500,2016-02-12 14:21:31,"Forecast",2016-12-28,"Pipeline","Stage 1 - Qualified Oppty","98500",2016-12-28,"H_EnteredForecast","six_months"
"0066000001mTkQLAA0","Stage 7 - Order Rcvd",131818,2016-02-24 16:16:25,"Forecast",2018-06-30,"Pipeline","Stage 1 - Qualified Oppty","131818",2018-06-30,"H_EnteredForecast","six_months"
"0066000001mTkqNAAS","Stage 7 - Order Rcvd",12692,2016-02-29 15:54:05,"Forecast",2017-07-14,"Pipeline","Stage 1 - Qualified Oppty","20952",2017-07-14,"H_EnteredForecast","six_months"
"0066000001mTkqXAAS","Stage 7 - Order Rcvd",12692,2016-02-22 14:40:02,"Forecast",2016-07-14,"Pipeline","Stage 1 - Qualified Oppty","20952",2016-07-14,"H_EnteredForecast","six_months"
"0066000001mTkR4AAK","Stage 7 - Order Rcvd",98500,2016-02-24 14:41:45,"Forecast",2017-12-28,"Pipeline","Stage 1 - Qualified Oppty","98500",2017-12-28,"H_EnteredForecast","six_months"
"0066000001mTkT5AAK","Stage 7 - Order Rcvd",40000,2016-02-11 20:41:57,"Forecast",2016-07-31,"Pipeline","Stage 1 - Qualified Oppty","40000",2016-07-31,"H_EnteredForecast","six_months"
"0066000001mTkV1AAK","Stage 7 - Order Rcvd",40000,2016-02-24 13:15:18,"Forecast",2017-07-31,"Pipeline","Stage 1 - Qualified Oppty","40000",2017-07-31,"H_EnteredForecast","six_months"
"0066000001mTkVBAA0","Stage 7 - Order Rcvd",100000,2016-02-11 21:06:35,"Forecast",2016-09-30,"Pipeline","Stage 1 - Qualified Oppty","100000",2016-09-30,"H_EnteredForecast","six_months"
"0066000001mTkVLAA0","Stage 7 - Order Rcvd",40000,2016-02-24 13:15:09,"Forecast",2018-07-31,"Pipeline","Stage 1 - Qualified Oppty","40000",2018-07-31,"H_EnteredForecast","six_months"
"0066000001mTkwLAAS","Stage 7 - Order Rcvd",95594,2016-02-11 20:15:59,"Forecast",2016-07-31,"Pipeline","Stage 0 - Qualified Lead","95594",2016-07-31,"H_EnteredForecast","six_months"
"0066000001mTkX2AAK","Stage 7 - Order Rcvd",36522,2016-02-12 14:03:04,"Forecast",2016-11-30,"Pipeline","Stage 1 - Qualified Oppty","36522",2016-11-30,"H_EnteredForecast","six_months"
"0066000001mTkxiAAC","Stage 7 - Order Rcvd",250000,2016-02-11 20:30:20,"Forecast",2016-09-01,"Pipeline","Stage 0 - Qualified Lead","250000",2016-09-01,"H_EnteredForecast","six_months"
"0066000001mTl3gAAC","Stage 7 - Order Rcvd",272466,2016-02-12 15:00:19,"Forecast",2016-12-31,"Pipeline","Stage 1 - Qualified Oppty","272466",2016-12-31,"H_EnteredForecast","six_months"
"0066000001mTl8lAAC","Stage 7 - Order Rcvd",23500,2016-02-11 21:44:21,"Forecast",2016-12-31,"Pipeline","Stage 0 - Qualified Lead","23500",2016-12-31,"H_EnteredForecast","six_months"
"0066000001mTlA3AAK","Stage 7 - Order Rcvd",90000,2016-02-24 18:28:15,"Forecast",2016-11-30,"Pipeline","Stage 1 - Qualified Oppty","90000",2016-12-31,"H_EnteredForecast","six_months"
"0066000001mTlakAAC","Stage 7 - Order Rcvd",89002,2016-02-11 21:17:46,"Forecast",2016-09-30,"Pipeline","Stage 1 - Qualified Oppty","89002",2016-09-30,"H_EnteredForecast","six_months"
"0066000001mTlD7AAK","Stage 7 - Order Rcvd",34375,2016-02-18 17:13:02,"Forecast",2016-12-29,"Pipeline","Stage 0 - Qualified Lead","68750",2016-12-29,"H_EnteredForecast","six_months"
"0066000001mTlEZAA0","Stage 7 - Order Rcvd",10000,2016-02-12 15:13:53,"Forecast",2016-10-31,"Pipeline","Stage 1 - Qualified Oppty","10000",2016-10-31,"H_EnteredForecast","six_months"
"0066000001mTlF8AAK","Stage 7 - Order Rcvd",10000,2016-02-24 18:22:34,"Forecast",2017-10-31,"Pipeline","Stage 1 - Qualified Oppty","10000",2017-10-31,"H_EnteredForecast","six_months"
"0066000001mTlfVAAS","Stage 7 - Order Rcvd",83333,2016-02-12 14:08:19,"Forecast",2016-11-30,"Pipeline","Stage 1 - Qualified Oppty","83333",2016-11-30,"H_EnteredForecast","six_months"
"0066000001mTlGzAAK","Stage 7 - Order Rcvd",11354,2016-02-12 15:03:36,"Forecast",2016-12-31,"Pipeline","Stage 1 - Qualified Oppty","11354",2016-12-31,"H_EnteredForecast","six_months"
"0066000001mTlJPAA0","Stage 7 - Order Rcvd",112000,2016-02-12 14:57:19,"Forecast",2016-12-31,"Pipeline","Stage 1 - Qualified Oppty","112000",2016-12-31,"H_EnteredForecast","six_months"
"0066000001mTlNgAAK","Stage 7 - Order Rcvd",57400,2016-02-12 14:39:38,"Forecast",2016-12-31,"Pipeline","Stage 1 - Qualified Oppty","57400",2016-12-31,"H_EnteredForecast","six_months"
"0066000001mTlQfAAK","Stage 7 - Order Rcvd",79962,2016-02-25 13:21:01,"Forecast",2017-03-31,"Pipeline","Stage 1 - Qualified Oppty","79962",2017-03-31,"H_EnteredForecast","six_months"
"0066000001mTlQpAAK","Stage 7 - Order Rcvd",79962,2016-02-25 13:21:08,"Forecast",2018-03-31,"Pipeline","Stage 1 - Qualified Oppty","79962",2018-03-31,"H_EnteredForecast","six_months"
"0066000001mTuPtAAK","Stage 7 - Order Rcvd",11000,2016-02-24 14:31:19,"Forecast",2018-02-01,"Pipeline","Stage 0 - Qualified Lead","11000",2018-02-01,"H_EnteredForecast","six_months"
"0066000001mTuPUAA0","Stage 7 - Order Rcvd",11000,2016-02-24 14:20:46,"Forecast",2017-02-01,"Pipeline","Stage 0 - Qualified Lead","11000",2017-02-01,"H_EnteredForecast","six_months"
"0066000001mTuQhAAK","Stage 7 - Order Rcvd",19000,2016-02-24 14:31:27,"Forecast",2017-02-01,"Pipeline","Stage 1 - Qualified Oppty","19000",2017-02-01,"H_EnteredForecast","six_months"
"0066000001mTuR1AAK","Stage 7 - Order Rcvd",19000,2016-02-24 14:31:12,"Forecast",2018-02-01,"Pipeline","Stage 1 - Qualified Oppty","19000",2018-02-01,"H_EnteredForecast","six_months"
"0066000001mTuuMAAS","Stage 7 - Order Rcvd",2667,2016-02-22 14:41:00,"Forecast",2016-10-31,"Pipeline","Stage 1 - Qualified Oppty","6667",2016-10-31,"H_EnteredForecast","six_months"
"0066000001mTuwDAAS","Stage 7 - Order Rcvd",4230.33,2016-02-11 21:42:49,"Forecast",2016-12-30,"Pipeline","Stage 0 - Qualified Lead","4230.33",2016-12-30,"H_EnteredForecast","six_months"
"0066000001mTwrRAAS","Stage 7 - Order Rcvd",52778,2016-02-23 13:26:54,"Forecast",2017-02-02,"Pipeline","Stage 1 - Qualified Oppty","52778",2017-02-02,"H_EnteredForecast","six_months"
"0066000001mTwzpAAC","Stage 7 - Order Rcvd",45000,2016-02-26 20:55:02,"Forecast",2016-07-31,"Pipeline","Stage 1 - Qualified Oppty","75000",2016-07-31,"H_EnteredForecast","six_months"
"0066000001mTxFOAA0","Stage 7 - Order Rcvd",167708,2016-02-11 21:16:07,"Forecast",2016-09-30,"Pipeline","Stage 1 - Qualified Oppty","167708",2016-09-30,"H_EnteredForecast","six_months"
"0066000001mTxLgAAK","Stage 7 - Order Rcvd",50000,2016-02-18 17:23:21,"Forecast",2016-12-31,"Pipeline","Stage 1 - Qualified Oppty","100000",2016-12-31,"H_EnteredForecast","six_months"
"0066000001mTxOLAA0","Stage 7 - Order Rcvd",464200,2016-04-15 18:27:51,"Forecast",2016-12-31,"Pipeline","Stage 1 - Qualified Oppty","464200",2016-12-31,"H_EnteredForecast","six_months"
"0066000001mUfODAA0","Stage 7 - Order Rcvd",12000,2016-02-10 15:51:26,"Forecast",2016-12-30,"Pipeline","Stage 1 - Qualified Oppty","12000",2016-12-30,"H_EnteredForecast","six_months"
"0066000001mUfOhAAK","Stage 7 - Order Rcvd",12000,2016-02-24 19:00:35,"Forecast",2017-12-30,"Pipeline","Stage 1 - Qualified Oppty","12000",2017-12-30,"H_EnteredForecast","six_months"
"0066000001mUfStAAK","Stage 7 - Order Rcvd",7971,2016-02-10 15:51:26,"Forecast",2016-12-21,"Pipeline","Stage 1 - Qualified Oppty","7971",2016-12-21,"H_EnteredForecast","six_months"
"0066000001mUFwoAAG","Stage 7 - Order Rcvd",25000,2016-02-11 21:18:54,"Forecast",2016-11-30,"Pipeline","Stage 0 - Qualified Lead","25000",2016-11-30,"H_EnteredForecast","six_months"
"0066000001mUFxDAAW","Stage 7 - Order Rcvd",25000,2016-02-25 13:00:37,"Forecast",2017-11-30,"Pipeline","Stage 0 - Qualified Lead","25000",2017-11-30,"H_EnteredForecast","six_months"
"0066000001SMT5nAAH","Stage 3 - Proof",22000,2016-05-03 13:22:58,"BestCase",2016-03-31,"Pipeline","Stage 1 - Qualified Oppty","22000",2016-02-01,"H_EnteredForecast","six_months"
"0066000001SNCg0AAH","Stage 3 - Proof",300000,2016-03-02 16:45:37,"BestCase",2017-12-31,"Pipeline","Stage 1 - Qualified Oppty","300000",2017-12-31,"H_EnteredForecast","six_months"
"0066000001exqKeAAI","Stage 1 - Qualified Oppty",-13750,2016-06-02 17:29:55,"Pipeline",2016-12-31,"Forecast","Stage 5 - Purchasing","-14348",2016-01-31,"F_LeftForecast","six_months"
"0066000001ezheWAAQ","Stage 2 - Defined Oppty",-60000,2016-06-02 15:04:52,"Pipeline",2017-03-31,"BestCase","Stage 3 - Proof","-60000",2016-06-30,"F_LeftForecast","six_months"
"0066000001iarX5AAI","Stage 2 - Defined Oppty",-25000,2016-06-29 16:50:18,"Pipeline",2016-09-30,"BestCase","Stage 3 - Proof","-25000",2016-03-31,"F_LeftForecast","six_months"
"0066000001iYQ9tAAG","Stage 1 - Qualified Oppty",-25000,2016-06-28 17:51:16,"Pipeline",2017-03-31,"BestCase","Stage 3 - Proof","-25000",2016-06-30,"F_LeftForecast","six_months"
"0066000001jBGWFAA4","Stage 1 - Qualified Oppty",-50000,2016-03-30 06:59:57,"Pipeline",2017-02-28,"BestCase","Stage 3 - Proof","-50000",2016-06-30,"F_LeftForecast","six_months"
"0066000001jBGWtAAO","Stage 2 - Defined Oppty",-60000,2016-06-29 01:20:34,"Pipeline",2017-03-31,"BestCase","Stage 3 - Proof","-60000",2016-06-30,"F_LeftForecast","six_months"
"0066000001jBGX8AAO","Stage 0 - Qualified Lead",-50000,2016-06-30 12:56:49,"Pipeline",2017-03-31,"BestCase","Stage 3 - Proof","-50000",2016-06-30,"F_LeftForecast","six_months"
"0066000001jfJyJAAU","Stage 2 - Defined Oppty",-130000,2016-03-22 08:25:03,"Pipeline",2016-12-31,"Forecast","Stage 4 - Commercial Agmt","-130000",2016-03-31,"F_LeftForecast","six_months"
"0066000001kJBh1AAG","Stage 1 - Qualified Oppty",-99000,2016-03-21 17:38:23,"Pipeline",2016-09-23,"BestCase","Stage 3 - Proof","-99000",2015-12-31,"F_LeftForecast","six_months"
"0066000000O9AJ0AAN","Qualified Out",-35000,2016-07-05 14:53:55,"Omitted",2016-07-05,"BestCase","Stage 3 - Proof","35000",2016-03-31,"D_ClosedOther","six_months"
"0066000001jfylPAAQ","Qualified Out",-25000,2016-04-11 21:22:29,"Omitted",2016-06-30,"BestCase","Stage 3 - Proof","25000",2016-06-30,"D_ClosedOther","six_months"
"0066000001kZeChAAK","Qualified Out",-30000,2016-03-23 12:37:37,"Omitted",2016-06-30,"Forecast","Stage 4 - Commercial Agmt","30000",2016-03-31,"D_ClosedOther","six_months"
"0066000001l84TIAAY","Qualified Out",-20000,2016-02-17 11:20:51,"Omitted",2016-02-17,"BestCase","Stage 3 - Proof","20000",2016-06-30,"D_ClosedOther","six_months"
"0066000001lBarcAAC","Qualified Out",0,2016-02-26 12:11:24,"Omitted",2016-07-29,"BestCase","Stage 3 - Proof","0",2016-07-29,"D_ClosedOther","six_months"
"0066000001ljyk6AAA","Qualified Out",-14800,2016-06-29 02:30:35,"Omitted",2016-06-28,"Forecast","Stage 4 - Commercial Agmt","14800",2016-03-31,"D_ClosedOther","six_months"
"0066000001lmNubAAE","Qualified Out",-42500,2016-05-19 15:37:24,"Omitted",2016-05-19,"BestCase","Stage 3 - Proof","42500",2016-03-31,"D_ClosedOther","six_months"
"00630000005MKDdAAO","Closed Lost",-80000,2016-02-11 20:14:44,"Omitted",2016-01-13,"BestCase","Stage 3 - Proof","80000",2016-05-13,"C_Lost","six_months"
"0066000000Ejvy8AAB","Closed Lost",-300000,2016-01-29 08:45:34,"Omitted",2016-01-22,"BestCase","Stage 3 - Proof","300000",2016-04-30,"C_Lost","six_months"
"00660000018zvWWAAY","Closed Lost",-50000,2016-03-15 07:38:49,"Omitted",2016-03-15,"BestCase","Stage 3 - Proof","50000",2016-06-30,"C_Lost","six_months"
"0066000001jAP6FAAW","Closed Lost",-35000,2016-03-21 07:57:13,"Omitted",2016-03-21,"Forecast","Stage 4 - Commercial Agmt","35000",2016-06-30,"C_Lost","six_months"
"0066000001jDHbyAAG","Closed Lost",-51000,2016-01-29 10:58:11,"Omitted",2016-01-29,"BestCase","Stage 3 - Proof","51000",2016-02-29,"C_Lost","six_months"
"0066000001jDZtRAAW","Closed Lost",-25000,2016-02-04 17:35:23,"Omitted",2016-02-04,"BestCase","Stage 3 - Proof","25000",2016-06-30,"C_Lost","six_months"
"0066000001jeIARAA2","Closed Lost",-35000,2016-06-29 22:21:11,"Omitted",2016-06-29,"BestCase","Stage 3 - Proof","35000",2016-03-31,"C_Lost","six_months"
"0066000001jf4ATAAY","Closed Lost",-50000,2016-03-20 23:55:25,"Omitted",2016-03-20,"Forecast","Stage 4 - Commercial Agmt","50000",2016-01-29,"C_Lost","six_months"
"0066000001jf4hvAAA","Closed Lost",-40000,2016-02-02 14:02:12,"Omitted",2016-02-02,"BestCase","Stage 3 - Proof","40000",2016-06-30,"C_Lost","six_months"
"0066000001jfAWGAA2","Closed Lost",-25000,2016-06-29 15:29:09,"Omitted",2016-06-29,"BestCase","Stage 3 - Proof","25000",2016-02-12,"C_Lost","six_months"
"0066000001jhOCxAAM","Closed Lost",-25000,2016-02-12 07:01:14,"Omitted",2016-02-12,"BestCase","Stage 3 - Proof","25000",2016-01-29,"C_Lost","six_months"
"0066000001kFH8bAAG","Closed Lost",-10000,2016-02-10 15:34:19,"Omitted",2016-02-10,"BestCase","Stage 3 - Proof","10000",2016-06-30,"C_Lost","six_months"
"0066000001kZga4AAC","Closed Lost",-35000,2016-05-23 08:59:37,"Omitted",2016-06-30,"Forecast","Stage 4 - Commercial Agmt","35000",2016-03-31,"C_Lost","six_months"
"0066000001kZowoAAC","Closed Lost",0,2016-01-27 12:28:49,"Omitted",2016-01-27,"BestCase","Stage 3 - Proof","0",2016-04-29,"C_Lost","six_months"
"0066000001l8EVWAA2","Closed Lost",-25000,2016-01-27 16:06:03,"Omitted",2016-01-27,"BestCase","Stage 3 - Proof","25000",2016-04-30,"C_Lost","six_months"
"0066000001lBBW5AAO","Closed Lost",-125000,2016-02-26 07:44:50,"Omitted",2016-02-26,"BestCase","Stage 3 - Proof","125000",2016-03-31,"C_Lost","six_months"
"0066000001lBdMAAA0","Closed Lost",-90000,2016-03-18 17:50:44,"Omitted",2016-03-18,"BestCase","Stage 3 - Proof","90000",2016-02-29,"C_Lost","six_months"
"0066000001lBqAtAAK","Closed Lost",-45000,2016-02-17 18:23:35,"Omitted",2016-02-17,"BestCase","Stage 3 - Proof","45000",2016-04-29,"C_Lost","six_months"
"0066000001lBVmTAAW","Closed Lost",-60500,2016-01-26 17:43:04,"Omitted",2016-01-26,"Forecast","Stage 4 - Commercial Agmt","60500",2016-04-29,"C_Lost","six_months"
"0066000001ljdnnAAA","Closed Lost",-128000,2016-03-18 14:52:23,"Omitted",2016-03-18,"BestCase","Stage 3 - Proof","128000",2016-03-31,"C_Lost","six_months"
"0066000001lk5QZAAY","Closed Lost",-25000,2016-05-27 18:35:11,"Omitted",2016-05-27,"BestCase","Stage 3 - Proof","25000",2016-03-31,"C_Lost","six_months"
"0066000001lkH6uAAE","Closed Lost",-25000,2016-03-17 09:32:55,"Omitted",2016-03-17,"BestCase","Stage 3 - Proof","25000",2016-03-30,"C_Lost","six_months"
"0066000001lkPg4AAE","Closed Lost",-6300,2016-03-11 14:28:47,"Omitted",2016-03-11,"Forecast","Stage 6 - Awaiting Order","6300",2016-06-30,"C_Lost","six_months"
"0066000001lm3KsAAI","Closed Lost",-42500,2016-06-25 15:30:42,"Omitted",2016-06-25,"BestCase","Stage 3 - Proof","42500",2016-02-29,"C_Lost","six_months"
"0066000001lm7HjAAI","Closed Lost",-35000,2016-02-24 19:53:55,"Omitted",2016-02-24,"BestCase","Stage 3 - Proof","35000",2016-03-31,"C_Lost","six_months"
"0066000001lmpdOAAQ","Closed Lost",-35000,2016-02-11 19:15:00,"Omitted",2016-02-10,"BestCase","Stage 3 - Proof","35000",2016-01-29,"C_Lost","six_months"
"0066000001lnQoMAAU","Closed Lost",-75000,2016-02-23 15:20:23,"Omitted",2016-02-23,"BestCase","Stage 3 - Proof","75000",2016-02-29,"C_Lost","six_months"
"0066000001ZZ15VAAT","Closed Lost",-175000,2016-03-01 17:10:57,"Omitted",2016-03-01,"BestCase","Stage 3 - Proof","175000",2016-03-18,"C_Lost","six_months"
"0066000001lA73EAAS","Stage 7 - Order Rcvd",12029,2016-05-17 17:39:28,"Forecast",2017-03-01,"Forecast","Stage 7 - Order Rcvd","9500",2017-03-01,"B_Expanded_Amount","six_months"
"0066000001lAI5AAAW","Stage 4 - Commercial Agmt",68000,2016-06-24 08:03:29,"Forecast",2016-09-24,"BestCase","Stage 3 - Proof","150000",2016-06-30,"B_Expanded_Amount","six_months"
"0066000001lkIc5AAE","Stage 4 - Commercial Agmt",1000,2016-05-13 12:01:16,"Forecast",2016-11-16,"BestCase","Stage 3 - Proof","224000",2016-02-22,"B_Expanded_Amount","six_months"
"0066000001llcX5AAI","Stage 3 - Proof",12500,2016-06-30 16:46:59,"BestCase",2016-08-31,"BestCase","Stage 3 - Proof","42500",2016-03-31,"B_Expanded_Amount","six_months"
"0066000001lmelPAAQ","Stage 3 - Proof",57500,2016-07-01 19:17:50,"BestCase",2016-12-31,"BestCase","Stage 3 - Proof","110500",2016-03-31,"B_Expanded_Amount","six_months"
"0066000000HMqPZAA1","Stage 3 - Proof",-125000,2016-06-23 16:53:57,"BestCase",2016-08-17,"BestCase","Stage 3 - Proof","225000",2016-03-30,"B_Reduced_Amount","six_months"
"006600000191CnbAAE","Stage 3 - Proof",-85000,2016-06-06 07:03:49,"BestCase",2016-09-30,"BestCase","Stage 3 - Proof","135000",2016-06-30,"B_Reduced_Amount","six_months"
"0066000001iYriPAAS","Stage 3 - Proof",-225000,2016-06-13 17:37:02,"BestCase",2016-10-31,"BestCase","Stage 3 - Proof","300000",2016-06-30,"B_Reduced_Amount","six_months"
"0066000001jBGmZAAW","Stage 3 - Proof",-175000,2016-06-01 06:15:55,"BestCase",2016-12-30,"BestCase","Stage 3 - Proof","225000",2016-06-30,"B_Reduced_Amount","six_months"
"0066000001jeYTtAAM","Stage 4 - Commercial Agmt",-17500,2016-01-14 19:50:51,"Forecast",2016-09-30,"Forecast","Stage 4 - Commercial Agmt","45500",2016-09-30,"B_Reduced_Amount","six_months"
"0066000001kFqoNAAS","Stage 4 - Commercial Agmt",-9220,2016-06-24 08:27:16,"Forecast",2016-08-31,"BestCase","Stage 3 - Proof","42500",2016-06-30,"B_Reduced_Amount","six_months"
"0066000001kGmwJAAS","Stage 4 - Commercial Agmt",-10000,2016-06-24 08:18:27,"Forecast",2016-09-30,"BestCase","Stage 3 - Proof","50000",2016-04-30,"B_Reduced_Amount","six_months"
"0066000001lb8enAAA","Stage 7 - Order Rcvd",-52679,2016-02-25 13:29:26,"Forecast",2017-03-31,"Forecast","Stage 7 - Order Rcvd","100000",2017-03-31,"B_Reduced_Amount","six_months"
"0066000001ln7AXAAY","Stage 3 - Proof",-75000,2016-04-18 13:15:37,"BestCase",2016-09-30,"BestCase","Stage 3 - Proof","75000",2016-03-31,"B_Reduced_Amount","six_months"
"0066000001lnYJ5AAM","Stage 3 - Proof",-267000,2016-07-01 06:58:24,"BestCase",2016-09-30,"BestCase","Stage 3 - Proof","300000",2016-06-30,"B_Reduced_Amount","six_months"
"0066000001SKwtFAAT","Stage 3 - Proof",-10680,2016-06-01 07:19:33,"BestCase",2016-07-15,"Forecast","Stage 4 - Commercial Agmt","15000",2016-03-31,"B_Reduced_Amount","six_months"
"","10% of opportunities constitutes 40% of open pipeline amount",10306943.62,2016-07-08 20:00:00,"StartPipe",2016-07-09,"","","",2016-07-09,"","six_months"
"","10% of opportunities constitutes 39% of open pipeline amount",13930760.3066667,2016-07-08 20:00:00,"EndPipe",2016-07-09,"","","",2016-07-09,"","six_months"
